Type,OrderId,OrderDate,SellerStatus,Marketplace,PaymentAmount,PaymentCurrency,FulfillmentProvider
order,fe91cae0-73ad-11f1-96a8-7d846af01e8a,2026-06-29T11:31:15.900Z,CANCELLED,allegro-pl,74.34,PLN,SELLER
order,70040f50-739d-11f1-8f66-573ba9b2f744,2026-06-29T09:39:20.074Z,PROCESSING,allegro-pl,740.55,PLN,SELLER
order,bfb72650-7338-11f1-9ebc-f9c1cf60f034,2026-06-28T21:31:53.511Z,CANCELLED,allegro-pl,300.84,PLN,SELLER
order,05f1b280-7306-11f1-b876-d38a57b17624,2026-06-28T15:30:07.190Z,CANCELLED,allegro-pl,290.35,PLN,SELLER
order,84792d90-7220-11f1-b243-c11dfac6217f,2026-06-27T12:06:45.533Z,CANCELLED,allegro-pl,286.25,PLN,SELLER
order,50889830-7208-11f1-a181-793c36874162,2026-06-27T09:12:58.794Z,CANCELLED,allegro-pl,73.42,PLN,SELLER
order,e32deef0-7204-11f1-a181-793c36874162,2026-06-27T08:47:59.538Z,CANCELLED,allegro-pl,286.25,PLN,SELLER
order,d1300080-7137-11f1-a30c-5985fa290f08,2026-06-26T08:20:38.725Z,NEW,allegro-pl,201.25,PLN,SELLER
order,4751e391-70d5-11f1-9560-939c5ba11c92,2026-06-25T21:11:46.070Z,PROCESSING,allegro-pl,376.25,PLN,SELLER
order,a60ab382-7080-11f1-93c2-255484af92fe,2026-06-25T10:29:54.623Z,PROCESSING,allegro-pl,286.25,PLN,SELLER
order,611b5480-707d-11f1-b2bf-03240ef26b45,2026-06-25T10:06:50.275Z,PROCESSING,allegro-pl,73.42,PLN,SELLER
order,9956a500-706b-11f1-b243-c11dfac6217f,2026-06-25T07:58:26.990Z,PROCESSING,allegro-pl,286.25,PLN,SELLER
order,3b37f900-704e-11f1-a30c-5985fa290f08,2026-06-25T04:28:13.598Z,CANCELLED,allegro-pl,660.00,PLN,SELLER
order,6a6e2650-7034-11f1-a181-793c36874162,2026-06-25T01:23:29.866Z,PROCESSING,allegro-pl,108.75,PLN,SELLER
order,b543f910-6f9f-11f1-b354-334e130bbd40,2026-06-24T07:40:01.591Z,PROCESSING,allegro-pl,263.75,PLN,SELLER
order,767fa100-6f3d-11f1-910b-25df45db8d47,2026-06-23T20:00:18.754Z,PROCESSING,allegro-pl,660.00,PLN,SELLER
order,0ad80e50-6edf-11f1-97eb-3dfeaf410f68,2026-06-23T08:40:26.294Z,PROCESSING,allegro-pl,251.25,PLN,SELLER
order,b17e7ef0-6ed6-11f1-ae63-dd7330dcd2a0,2026-06-23T07:41:07.691Z,PROCESSING,allegro-pl,251.25,PLN,SELLER
order,80c58570-6e30-11f1-a33b-a3295158b919,2026-06-22T11:50:39.853Z,CANCELLED,allegro-pl,,,SELLER
order,c9262470-6cd5-11f1-892c-2da5d106f3bf,2026-06-20T18:28:29.726Z,PROCESSING,allegro-pl,93.74,PLN,SELLER
order,216bb8f1-6c74-11f1-a93b-adbcbd0baae1,2026-06-20T06:49:20.327Z,PROCESSING,allegro-pl,90.79,PLN,SELLER
order,b72b1f30-6be7-11f1-b106-a1cd53d76f2b,2026-06-19T14:04:17.298Z,PROCESSING,allegro-pl,90.79,PLN,SELLER
order,88843cb2-6a58-11f1-9c61-afd6bb46b605,2026-06-17T14:27:00.954Z,PROCESSING,allegro-pl,85.35,PLN,SELLER
order,b494ad10-6a4b-11f1-a699-dd2fa4dcda1c,2026-06-17T12:55:06.180Z,PROCESSING,allegro-pl,85.35,PLN,SELLER
order,c2783420-6a0e-11f1-b87c-45a74040d874,2026-06-17T05:39:29.878Z,PROCESSING,allegro-pl,100.34,PLN,SELLER
order,a6f9ae51-69a4-11f1-bef7-5d9f2b980df9,2026-06-16T16:59:35.311Z,PROCESSING,allegro-pl,85.35,PLN,SELLER
order,b95f41a0-6994-11f1-8ede-3ddc5dbde850,2026-06-16T15:05:03.091Z,NEW,allegro-pl,4.85,PLN,SELLER
order,5e02bb80-697a-11f1-8f46-afd26a83e16e,2026-06-16T11:58:08.642Z,PROCESSING,allegro-pl,85.35,PLN,SELLER
order,36405fa0-6973-11f1-a177-2fa6bbeb7dea,2026-06-16T11:05:27.598Z,PROCESSING,allegro-pl,108.75,PLN,SELLER
order,165ee020-6951-11f1-93cc-ebfbb3264c90,2026-06-16T07:00:57.385Z,NEW,allegro-pl,4.85,PLN,SELLER
order,a98eb5e0-6948-11f1-8680-4f10d65950a6,2026-06-16T06:01:01.367Z,NEW,allegro-pl,4.85,PLN,SELLER
order,6b1071b1-689d-11f1-92d4-a1f19a0c7034,2026-06-15T09:36:20.041Z,PROCESSING,allegro-pl,522.50,PLN,SELLER
order,9ebee942-689a-11f1-a3b1-4316fada8457,2026-06-15T09:17:09.604Z,PROCESSING,allegro-pl,322.50,PLN,SELLER
order,29ab1383-683c-11f1-a3b1-4316fada8457,2026-06-14T21:59:16.548Z,PROCESSING,allegro-pl,113.75,PLN,SELLER
order,0871cc30-681a-11f1-aaa4-e763e1206a1e,2026-06-14T17:54:35.538Z,PROCESSING,allegro-pl,360.00,PLN,SELLER
order,326e25e0-679a-11f1-b727-4bfd698bc7d4,2026-06-14T02:39:48.379Z,NEW,allegro-pl,4.85,PLN,SELLER
order,08be6a30-6799-11f1-a3b1-4316fada8457,2026-06-14T02:31:16.124Z,NEW,allegro-pl,4.85,PLN,SELLER
order,46a228e0-6790-11f1-b727-4bfd698bc7d4,2026-06-14T01:28:26.493Z,NEW,allegro-pl,4.85,PLN,SELLER
order,e8010340-676e-11f1-bd6c-79418af453d8,2026-06-13T21:29:17.105Z,NEW,allegro-pl,14.55,PLN,SELLER
order,4ea1b0a0-6750-11f1-8e8a-b13312e55057,2026-06-13T17:50:20.275Z,NEW,allegro-pl,14.55,PLN,SELLER
order,2c974130-672f-11f1-b727-4bfd698bc7d4,2026-06-13T13:53:11.850Z,NEW,allegro-pl,4.85,PLN,SELLER
order,7e58b670-6725-11f1-93ac-bdcc0027c318,2026-06-13T12:43:59.850Z,NEW,allegro-pl,4.85,PLN,SELLER
order,091d3700-6720-11f1-bdd6-3bad1ca0651d,2026-06-13T12:06:24.458Z,NEW,allegro-pl,4.85,PLN,SELLER
order,a7d633d0-6700-11f1-b2ad-136af734bd59,2026-06-13T08:20:39.289Z,NEW,allegro-pl,4.85,PLN,SELLER
order,c7348b50-66fb-11f1-aaa4-e763e1206a1e,2026-06-13T07:46:13.972Z,NEW,allegro-pl,4.85,PLN,SELLER
order,c846e9e0-66f4-11f1-83ca-ad6cc7960540,2026-06-13T06:56:25.549Z,NEW,allegro-pl,4.85,PLN,SELLER
order,07f9d800-66a4-11f1-9a0f-cb289c5f7a5e,2026-06-12T21:17:35.237Z,NEW,allegro-pl,9.70,PLN,SELLER
order,5a784030-6690-11f1-b2ad-136af734bd59,2026-06-12T18:56:12.756Z,NEW,allegro-pl,4.85,PLN,SELLER
order,7b0158b0-6662-11f1-ab2b-194a15ab8a41,2026-06-12T13:28:15.757Z,NEW,allegro-pl,4.85,PLN,SELLER
order,8c004100-665b-11f1-b30c-1be94d468a12,2026-06-12T12:38:18.591Z,NEW,allegro-pl,4.85,PLN,SELLER
order,68268ba0-6641-11f1-b2ad-136af734bd59,2026-06-12T09:31:09.790Z,NEW,allegro-pl,4.85,PLN,SELLER
order,8f849680-663f-11f1-8c47-7bda151e13f5,2026-06-12T09:17:59.499Z,NEW,allegro-pl,85.35,PLN,SELLER
order,1f329cb0-6630-11f1-b9ca-7f92d3ec60b8,2026-06-12T07:27:26.249Z,NEW,allegro-pl,9.70,PLN,SELLER
order,fe4ef0a0-6627-11f1-aaa4-e763e1206a1e,2026-06-12T06:30:24.248Z,NEW,allegro-pl,4.85,PLN,SELLER
order,e9c8ba20-65dd-11f1-bd6c-79418af453d8,2026-06-11T21:38:55.520Z,NEW,allegro-pl,9.70,PLN,SELLER
order,41e34cc0-65d9-11f1-bd6c-79418af453d8,2026-06-11T21:06:11.366Z,NEW,allegro-pl,4.85,PLN,SELLER
order,3812c210-65b7-11f1-8261-a3beeaef03d9,2026-06-11T17:21:26.646Z,PROCESSING,allegro-pl,489.35,PLN,SELLER
order,f6d35a70-65ad-11f1-bebf-fd25b6675b6c,2026-06-11T15:56:00.270Z,NEW,allegro-pl,4.85,PLN,SELLER
order,d79766c0-65ac-11f1-bebf-fd25b6675b6c,2026-06-11T15:47:58.995Z,NEW,allegro-pl,4.85,PLN,SELLER
order,9d7485d0-65a3-11f1-93ac-bdcc0027c318,2026-06-11T14:41:38.807Z,NEW,allegro-pl,4.85,PLN,SELLER

Type,LineItemId,ReturnsQuantity
lineItem,fe88ca30-73ad-11f1-96a8-7d846af01e8a,0
lineItem,6ffac080-739d-11f1-8f66-573ba9b2f744,0
lineItem,6ffac081-739d-11f1-8f66-573ba9b2f744,0
lineItem,bfaee8f0-7338-11f1-9ebc-f9c1cf60f034,0
lineItem,05e99c30-7306-11f1-b876-d38a57b17624,0
lineItem,84750ee0-7220-11f1-b243-c11dfac6217f,0
lineItem,508081e0-7208-11f1-a181-793c36874162,0
lineItem,e3258a80-7204-11f1-a181-793c36874162,0
lineItem,d12aa950-7137-11f1-a30c-5985fa290f08,1
lineItem,474c8c61-70d5-11f1-9560-939c5ba11c92,0
lineItem,a601b2d2-7080-11f1-93c2-255484af92fe,1
lineItem,6112c900-707d-11f1-b2bf-03240ef26b45,0
lineItem,99519bf0-706b-11f1-b243-c11dfac6217f,0
lineItem,3b333e10-704e-11f1-a30c-5985fa290f08,1
lineItem,6a66ac40-7034-11f1-a181-793c36874162,0
lineItem,b53c09d0-6f9f-11f1-b354-334e130bbd40,0
lineItem,76758ee0-6f3d-11f1-910b-25df45db8d47,0
lineItem,0ad32c50-6edf-11f1-97eb-3dfeaf410f68,0
lineItem,b1768fb0-6ed6-11f1-ae63-dd7330dcd2a0,0
lineItem,80bde450-6e30-11f1-a33b-a3295158b919,0
lineItem,c920f450-6cd5-11f1-892c-2da5d106f3bf,0
lineItem,216417d1-6c74-11f1-a93b-adbcbd0baae1,0
lineItem,b723a520-6be7-11f1-b106-a1cd53d76f2b,0
lineItem,887d37d2-6a58-11f1-9c61-afd6bb46b605,0
lineItem,b48f2ed0-6a4b-11f1-a699-dd2fa4dcda1c,0
lineItem,c26e7020-6a0e-11f1-b87c-45a74040d874,0
lineItem,a6f0ada1-69a4-11f1-bef7-5d9f2b980df9,0
lineItem,b95afbe0-6994-11f1-8ede-3ddc5dbde850,0
lineItem,5dfbb6a0-697a-11f1-8f46-afd26a83e16e,0
lineItem,3635ff60-6973-11f1-a177-2fa6bbeb7dea,0
lineItem,1659b000-6951-11f1-93cc-ebfbb3264c90,0
lineItem,a9867880-6948-11f1-8680-4f10d65950a6,0
lineItem,6b08a981-689d-11f1-92d4-a1f19a0c7034,0
lineItem,9eb154b3-689a-11f1-a3b1-4316fada8457,0
lineItem,29a435b5-683c-11f1-a3b1-4316fada8457,0
lineItem,086c4df0-681a-11f1-aaa4-e763e1206a1e,0
lineItem,3266abd0-679a-11f1-b727-4bfd698bc7d4,0
lineItem,08b5deb0-6799-11f1-a3b1-4316fada8457,0
lineItem,469ad5e0-6790-11f1-b727-4bfd698bc7d4,0
lineItem,e7fb8500-676e-11f1-bd6c-79418af453d8,0
lineItem,4e9c0b50-6750-11f1-8e8a-b13312e55057,0
lineItem,2c91c2f0-672f-11f1-b727-4bfd698bc7d4,0
lineItem,7e524dd0-6725-11f1-93ac-bdcc0027c318,0
lineItem,0916f570-6720-11f1-bdd6-3bad1ca0651d,0
lineItem,a7d08e80-6700-11f1-b2ad-136af734bd59,0
lineItem,c72f0d10-66fb-11f1-aaa4-e763e1206a1e,0
lineItem,c840f670-66f4-11f1-83ca-ad6cc7960540,0
lineItem,07f2d320-66a4-11f1-9a0f-cb289c5f7a5e,0
lineItem,5a72c1f0-6690-11f1-b2ad-136af734bd59,0
lineItem,7afc0180-6662-11f1-ab2b-194a15ab8a41,0
lineItem,8bfa74a0-665b-11f1-b30c-1be94d468a12,0
lineItem,681fd4e0-6641-11f1-b2ad-136af734bd59,0
lineItem,8f7e7c00-663f-11f1-8c47-7bda151e13f5,0
lineItem,1f2ca940-6630-11f1-b9ca-7f92d3ec60b8,0
lineItem,fe494b50-6627-11f1-aaa4-e763e1206a1e,0
lineItem,e9c25180-65dd-11f1-bd6c-79418af453d8,0
lineItem,41dda770-65d9-11f1-bd6c-79418af453d8,0
lineItem,380bbd31-65b7-11f1-8261-a3beeaef03d9,0
lineItem,380bbd30-65b7-11f1-8261-a3beeaef03d9,0
lineItem,f6cd6700-65ad-11f1-bebf-fd25b6675b6c,0
lineItem,d791e880-65ac-11f1-bebf-fd25b6675b6c,0
lineItem,9d6f0790-65a3-11f1-93ac-bdcc0027c318,0
