Data;Nazwa oferty;Identyfikator oferty;Typ operacji;Uznania;Obciążenia;Saldo;Szczegóły operacji
30.06.2026 23:59;;;Podsumowanie miesiąca;;;22,50;
30.06.2026 22:29;MATERAC DMUCHANY FLAMING LEŻANKA DO PŁYWANIA XXL NA BASEN PLAŻĘ;18445606385;Prowizja od sprzedaży;8,23;;22,50;Identyfikator zamówienia: fe91cae0-73ad-11f1-96a8-7d846af01e8a
30.06.2026 17:46;;;Opłata za dostawę DPD Allegro Delivery;;-11,29;14,27;Opłata Smart!: Tak, Zamówienie Smart!: Tak, Identyfikator zamówienia: 3b37f900-704e-11f1-a30c-5985fa290f08, Wartość zamówienia: 660.00, Waluta zamówienia: PLN, Kod usługi: AD_COURIER, Usługa: Opłata za dostawę, Numer nadania: AD0LXFDS0LPXZVLZS
30.06.2026 16:17;;;Opłata za dostawę InPost;;-9,99;25,56;Opłata Smart!: Tak, Zamówienie Smart!: Tak, Identyfikator zamówienia: 9956a500-706b-11f1-b243-c11dfac6217f, Wartość zamówienia: 286.25, Waluta zamówienia: PLN, Kod usługi: INP_APM_PL_PL, Usługa: Opłata za dostawę, Numer nadania: 604304328687840136552490
30.06.2026 14:22;;;Opłata za dostawę DHL Allegro Delivery;;-7,99;35,55;Opłata Smart!: Tak, Zamówienie Smart!: Tak, Identyfikator zamówienia: a60ab382-7080-11f1-93c2-255484af92fe, Wartość zamówienia: 286.25, Waluta zamówienia: PLN, Kod usługi: AD_OOH, Usługa: Opłata za dostawę, Numer nadania: AD0G7ZH30V96GM6WW
30.06.2026 13:51;;;Opłata za dostawę InPost;;-5,19;43,54;Opłata Smart!: Tak, Zamówienie Smart!: Tak, Identyfikator zamówienia: 611b5480-707d-11f1-b2bf-03240ef26b45, Wartość zamówienia: 73.42, Waluta zamówienia: PLN, Kod usługi: INP_APM_PL_PL, Usługa: Opłata za dostawę, Numer nadania: 604304328673110122008161
30.06.2026 13:17;MATERAC DMUCHANY FLAMING LEŻANKA DO PŁYWANIA XXL NA BASEN PLAŻĘ;18445606385;Prowizja od sprzedaży;8,13;;48,73;Identyfikator zamówienia: 50889830-7208-11f1-a181-793c36874162
30.06.2026 13:15;WODNY PLAC ZABAW DLA DZIECI BASEN BRODZIK ZE ZJEŻDŻALNIĄ FONTANNĄ 297x193cm;18445605076;Prowizja od sprzedaży;31,69;;40,60;Identyfikator zamówienia: e32deef0-7204-11f1-a181-793c36874162
30.06.2026 10:07;;;Opłata za kampanię Ads;;-39,71;8,91;Opłata za dzień: 27.06.2026
30.06.2026 03:18;PONTON DMUCHANY 3 OSOBOWY POMPKA WIOSŁA ŁÓDŹ WĘDKARSKA PVC ŁÓDKA WAKACYJNA;18445657572;Prowizja od sprzedaży;48,62;;48,62;Identyfikator zamówienia: 80c58570-6e30-11f1-a33b-a3295158b919
29.06.2026 13:45;;;Pobranie opłat z wpływów;8,23;;0,00;Identyfikator operacji: fd362a5c-dfda-4dd8-87c0-8dfe93b45e21
29.06.2026 13:31;MATERAC DMUCHANY FLAMING LEŻANKA DO PŁYWANIA XXL NA BASEN PLAŻĘ;18445606385;Prowizja od sprzedaży;;-8,23;-8,23;Identyfikator zamówienia: fe91cae0-73ad-11f1-96a8-7d846af01e8a
29.06.2026 11:45;;;Pobranie opłat z wpływów;96,92;;0,00;Identyfikator operacji: c8fd4d1f-e7e7-4dd9-861e-4e1d967d4fbd
29.06.2026 11:39;PONTON DMUCHANY 5 OSOBOWY POMPKA WIOSŁA TORBA ŁÓDŹ WĘDKARSKA ŁÓDKA;18445657296;Opłata za monety;;-1,23;-96,92;Identyfikator zamówienia: 70040f50-739d-11f1-8f66-573ba9b2f744
29.06.2026 11:39;PONTON DMUCHANY 5 OSOBOWY POMPKA WIOSŁA TORBA ŁÓDŹ WĘDKARSKA ŁÓDKA;18445657296;Prowizja od sprzedaży;;-86,58;-95,69;Identyfikator zamówienia: 70040f50-739d-11f1-8f66-573ba9b2f744
29.06.2026 11:39;Wiosła 2 Sztuki Do Pontonu Aluminiowe Do Kajaku Jednopiórowe 137 Cm Intex 6;18445612999;Prowizja od sprzedaży;;-9,11;-9,11;Identyfikator zamówienia: 70040f50-739d-11f1-8f66-573ba9b2f744
29.06.2026 08:45;;;Pobranie opłat z wpływów;8,99;;0,00;Identyfikator operacji: d3a974ba-cbfa-400b-a5a9-abbef957b340
29.06.2026 08:37;;;Opłata za dostawę DPD Allegro Delivery;;-8,99;-8,99;Opłata Smart!: Tak, Zamówienie Smart!: Tak, Identyfikator zamówienia: 6a6e2650-7034-11f1-a181-793c36874162, Wartość zamówienia: 108.75, Waluta zamówienia: PLN, Kod usługi: AD_COURIER, Usługa: Opłata za dostawę, Numer nadania: AD0RWB7HL1V3X0NQR
29.06.2026 05:45;;;Pobranie opłat z wpływów;43,83;;0,00;Identyfikator operacji: 33fe6f9e-6a16-4ad6-8085-6920632b665f
29.06.2026 05:41;;;Opłata za kampanię Ads;;-43,83;-43,83;Opłata za dzień: 26.06.2026
28.06.2026 23:45;;;Pobranie opłat z wpływów;33,31;;0,00;Identyfikator operacji: 4c44cd07-5c0f-4e33-b59e-d7f25e00d84e
28.06.2026 23:32;WODNY PLAC ZABAW DLA DZIECI BASEN BRODZIK ZE ZJEŻDŻALNIĄ FONTANNĄ 297x193cm;18445605076;Prowizja od sprzedaży;;-33,31;-33,31;Identyfikator zamówienia: bfb72650-7338-11f1-9ebc-f9c1cf60f034
28.06.2026 17:44;;;Pobranie opłat z wpływów;32,15;;0,00;Identyfikator operacji: c760c65b-508e-4639-a835-773970e92a58
28.06.2026 17:30;WODNY PLAC ZABAW DLA DZIECI BASEN BRODZIK ZE ZJEŻDŻALNIĄ FONTANNĄ 297x193cm;18445605076;Prowizja od sprzedaży;;-32,15;-32,15;Identyfikator zamówienia: 05f1b280-7306-11f1-b876-d38a57b17624
28.06.2026 06:44;;;Pobranie opłat z wpływów;54,61;;0,00;Identyfikator operacji: 4ebcc01b-f053-40e1-b07b-32afb7b00f4e
28.06.2026 05:44;;;Opłata za kampanię Ads;;-54,61;-54,61;Opłata za dzień: 25.06.2026
27.06.2026 14:44;;;Pobranie opłat z wpływów;31,69;;0,00;Identyfikator operacji: f31ea954-0a89-4d36-bac7-aeb84f062f3f
27.06.2026 14:06;WODNY PLAC ZABAW DLA DZIECI BASEN BRODZIK ZE ZJEŻDŻALNIĄ FONTANNĄ 297x193cm;18445605076;Prowizja od sprzedaży;;-31,69;-31,69;Identyfikator zamówienia: 84792d90-7220-11f1-b243-c11dfac6217f
27.06.2026 11:44;;;Pobranie opłat z wpływów;39,82;;0,00;Identyfikator operacji: b249a24b-f002-4893-baf2-4554e289d5fd
27.06.2026 11:13;MATERAC DMUCHANY FLAMING LEŻANKA DO PŁYWANIA XXL NA BASEN PLAŻĘ;18445606385;Prowizja od sprzedaży;;-8,13;-39,82;Identyfikator zamówienia: 50889830-7208-11f1-a181-793c36874162
27.06.2026 10:48;WODNY PLAC ZABAW DLA DZIECI BASEN BRODZIK ZE ZJEŻDŻALNIĄ FONTANNĄ 297x193cm;18445605076;Prowizja od sprzedaży;;-31,69;-31,69;Identyfikator zamówienia: e32deef0-7204-11f1-a181-793c36874162
27.06.2026 06:44;;;Pobranie opłat z wpływów;66,08;;0,00;Identyfikator operacji: dae2fa17-540e-42f1-b265-3ed2305367d5
27.06.2026 05:45;;;Opłata za kampanię Ads;;-66,08;-66,08;Opłata za dzień: 24.06.2026
26.06.2026 12:44;;;Pobranie opłat z wpływów;11,29;;0,00;Identyfikator operacji: b2a1dde7-db8d-41c4-b335-4fa6e89a5fc1
26.06.2026 12:13;;;Opłata za dostawę DPD Allegro Delivery;;-11,29;-11,29;Opłata Smart!: Tak, Zamówienie Smart!: Tak, Identyfikator zamówienia: 767fa100-6f3d-11f1-910b-25df45db8d47, Wartość zamówienia: 660.00, Waluta zamówienia: PLN, Kod usługi: AD_COURIER, Usługa: Opłata za dostawę, Numer nadania: AD0HC574NFM17F37V
26.06.2026 10:44;;;Pobranie opłat z wpływów;11,15;;0,00;Identyfikator operacji: e0917c61-b760-4978-9be6-5d7b6bf8ea9d
26.06.2026 10:20;WENTYLATOR BEZŁOPATKOWY STOJĄCY 60W PILOT TIMER LED OSCYLACJA DO DOMU BIURA;18445623422;Prowizja od sprzedaży;;-11,15;-11,15;Identyfikator zamówienia: d1300080-7137-11f1-a30c-5985fa290f08
26.06.2026 06:44;;;Pobranie opłat z wpływów;60,53;;0,00;Identyfikator operacji: 32940d70-60ac-4d55-8bc0-aa4b90523332
26.06.2026 05:45;;;Opłata za kampanię Ads;;-60,53;-60,53;Opłata za dzień: 23.06.2026
25.06.2026 23:44;;;Pobranie opłat z wpływów;49,85;;0,00;Identyfikator operacji: 18ccaea3-a5e7-402d-b487-097c7a1555d0
25.06.2026 23:12;PONTON DMUCHANY 3 OSOBOWY POMPKA WIOSŁA ŁÓDŹ WĘDKARSKA PVC ŁÓDKA WAKACYJNA;18445657572;Opłata za monety;;-1,23;-49,85;Identyfikator zamówienia: 4751e391-70d5-11f1-9560-939c5ba11c92
25.06.2026 23:11;PONTON DMUCHANY 3 OSOBOWY POMPKA WIOSŁA ŁÓDŹ WĘDKARSKA PVC ŁÓDKA WAKACYJNA;18445657572;Prowizja od sprzedaży;;-48,62;-48,62;Identyfikator zamówienia: 4751e391-70d5-11f1-9560-939c5ba11c92
25.06.2026 12:44;;;Pobranie opłat z wpływów;39,82;;0,00;Identyfikator operacji: 29e8c588-5c41-47a3-bfea-b4463a624bb1
25.06.2026 12:30;WODNY PLAC ZABAW DLA DZIECI BASEN BRODZIK ZE ZJEŻDŻALNIĄ FONTANNĄ 297x193cm;18445605076;Prowizja od sprzedaży;;-31,69;-39,82;Identyfikator zamówienia: a60ab382-7080-11f1-93c2-255484af92fe
25.06.2026 12:07;MATERAC DMUCHANY FLAMING LEŻANKA DO PŁYWANIA XXL NA BASEN PLAŻĘ;18445606385;Prowizja od sprzedaży;;-8,13;-8,13;Identyfikator zamówienia: 611b5480-707d-11f1-b2bf-03240ef26b45
25.06.2026 10:44;;;Pobranie opłat z wpływów;31,69;;0,00;Identyfikator operacji: b8948fa2-db7a-4c7c-a6c9-a858b7f0b465
25.06.2026 09:58;WODNY PLAC ZABAW DLA DZIECI BASEN BRODZIK ZE ZJEŻDŻALNIĄ FONTANNĄ 297x193cm;18445605076;Prowizja od sprzedaży;;-31,69;-31,69;Identyfikator zamówienia: 9956a500-706b-11f1-b243-c11dfac6217f
25.06.2026 06:44;;;Pobranie opłat z wpływów;145,14;;0,00;Identyfikator operacji: d3c0c314-0073-4203-8b29-8b4b9067e713
25.06.2026 06:28;PONTON DMUCHANY 5 OSOBOWY POMPKA WIOSŁA TORBA ŁÓDŹ WĘDKARSKA ŁÓDKA;18445657296;Prowizja od sprzedaży;;-85,28;-145,14;Identyfikator zamówienia: 3b37f900-704e-11f1-a30c-5985fa290f08
25.06.2026 06:28;PONTON DMUCHANY 5 OSOBOWY POMPKA WIOSŁA TORBA ŁÓDŹ WĘDKARSKA ŁÓDKA;18445657296;Opłata za monety;;-1,23;-59,86;Identyfikator zamówienia: 3b37f900-704e-11f1-a30c-5985fa290f08
25.06.2026 05:47;;;Opłata za kampanię Ads;;-58,63;-58,63;Opłata za dzień: 22.06.2026
25.06.2026 03:44;;;Pobranie opłat z wpływów;12,04;;0,00;Identyfikator operacji: 661bd8ad-aec7-4063-b252-b44e554267fd
25.06.2026 03:23;REGAŁ DREWNIANY CZARNY 3 PÓŁKI METALOWA RAMA STOJĄCY SZEROKI LOFT;18445689135;Prowizja od sprzedaży;;-12,04;-12,04;Identyfikator zamówienia: 6a6e2650-7034-11f1-a181-793c36874162
24.06.2026 20:44;;;Pobranie opłat z wpływów;9,99;;0,00;Identyfikator operacji: 13e6a0a8-bfe8-43e0-bd9d-072dfffc9c9f
24.06.2026 20:30;;;Opłata za dostawę InPost;;-9,99;-9,99;Opłata Smart!: Tak, Zamówienie Smart!: Tak, Identyfikator zamówienia: b17e7ef0-6ed6-11f1-ae63-dd7330dcd2a0, Wartość zamówienia: 251.25, Waluta zamówienia: PLN, Kod usługi: INP_APM_PL_PL, Usługa: Opłata za dostawę, Numer nadania: 604304628663041136099145
24.06.2026 20:07;;;Pobranie opłat z wpływów;199,00;;0,00;Identyfikator operacji: 495715b5-4e6c-4506-940c-a7a7cbf73447
24.06.2026 17:59;;;Pobranie opłat z wpływów;9,99;;-199,00;Identyfikator operacji: 6515abad-cba9-4800-95b4-7d770228b044
24.06.2026 17:51;;;Abonament profesjonalny;;-199,00;-208,99;
24.06.2026 16:26;;;Opłata za dostawę InPost;;-9,99;-9,99;Opłata Smart!: Tak, Zamówienie Smart!: Tak, Identyfikator zamówienia: 0ad80e50-6edf-11f1-97eb-3dfeaf410f68, Wartość zamówienia: 251.25, Waluta zamówienia: PLN, Kod usługi: INP_APM_PL_PL, Usługa: Opłata za dostawę, Numer nadania: 604304628626067131496887
24.06.2026 13:44;;;Pobranie opłat z wpływów;22,26;;0,00;Identyfikator operacji: 30a99ecd-1c27-4af4-93b4-34b1ac54a6ff
24.06.2026 13:37;;;Opłata za dostawę DPD Allegro Delivery;;-6,19;-22,26;Opłata Smart!: Tak, Zamówienie Smart!: Tak, Identyfikator zamówienia: 175480f0-5b3e-11f1-a735-4d83638675b8, Wartość zamówienia: 104.25, Waluta zamówienia: PLN, Kod usługi: AD_OOH, Usługa: Opłata za dostawę, Numer nadania: A004NGIXP8
24.06.2026 13:36;;;Opłata za dostawę DPD Allegro Delivery;;-3,69;-16,07;Opłata Smart!: Tak, Zamówienie Smart!: Tak, Identyfikator zamówienia: f7782731-5b3f-11f1-9010-eb54f1868795, Wartość zamówienia: 71.50, Waluta zamówienia: PLN, Kod usługi: AD_OOH, Usługa: Opłata za dostawę, Numer nadania: A004NGJ6Y5
24.06.2026 13:17;;;Opłata za dostawę DPD Allegro Delivery;;-6,19;-12,38;Opłata Smart!: Tak, Zamówienie Smart!: Tak, Identyfikator zamówienia: c3cc2572-5875-11f1-bec6-39c7111970a6, Wartość zamówienia: 135.26, Waluta zamówienia: PLN, Kod usługi: AD_OOH, Usługa: Opłata za dostawę, Numer nadania: A004MEDYU4
24.06.2026 13:17;;;Opłata za dostawę DPD Allegro Delivery;;-6,19;-6,19;Opłata Smart!: Tak, Zamówienie Smart!: Tak, Identyfikator zamówienia: c3cc2572-5875-11f1-bec6-39c7111970a6, Wartość zamówienia: 135.26, Waluta zamówienia: PLN, Kod usługi: AD_OOH, Usługa: Opłata za dostawę, Numer nadania: A004MEDYT6
24.06.2026 10:44;;;Pobranie opłat z wpływów;52,52;;0,00;Identyfikator operacji: 143dd35c-f5e2-4c5a-8720-90951bb101be
24.06.2026 09:47;;;Opłata za kampanię Ads;;-52,52;-52,52;Opłata za dzień: 21.06.2026
24.06.2026 09:44;;;Pobranie opłat z wpływów;29,20;;0,00;Identyfikator operacji: cb376a04-9e55-4ddd-8fc3-1098466a2494
24.06.2026 09:40;WODNY PLAC ZABAW DLA DZIECI BASEN BRODZIK ZE ZJEŻDŻALNIĄ FONTANNĄ 297x193cm;18445605076;Prowizja od sprzedaży;;-29,20;-29,20;Identyfikator zamówienia: b543f910-6f9f-11f1-b354-334e130bbd40
23.06.2026 22:43;;;Pobranie opłat z wpływów;86,51;;0,00;Identyfikator operacji: 773a3d70-30ff-4409-a6a9-0494326b5805
23.06.2026 22:00;PONTON DMUCHANY 5 OSOBOWY POMPKA WIOSŁA TORBA ŁÓDŹ WĘDKARSKA ŁÓDKA;18445657296;Opłata za monety;;-1,23;-86,51;Identyfikator zamówienia: 767fa100-6f3d-11f1-910b-25df45db8d47
23.06.2026 22:00;PONTON DMUCHANY 5 OSOBOWY POMPKA WIOSŁA TORBA ŁÓDŹ WĘDKARSKA ŁÓDKA;18445657296;Prowizja od sprzedaży;;-85,28;-85,28;Identyfikator zamówienia: 767fa100-6f3d-11f1-910b-25df45db8d47
23.06.2026 18:04;;;Pobranie opłat z wpływów;5,59;;0,00;Identyfikator operacji: 433244ee-3bd5-4e60-a659-dadd60c9bc8f
23.06.2026 17:10;;;Opłata za dostawę DPD Allegro Delivery;;-5,59;-5,59;Opłata Smart!: Tak, Zamówienie Smart!: Tak, Identyfikator zamówienia: 216bb8f1-6c74-11f1-a93b-adbcbd0baae1, Wartość zamówienia: 90.79, Waluta zamówienia: PLN, Kod usługi: AD_COURIER, Usługa: Opłata za dostawę, Numer nadania: AD0BB7HD3GW7VMX0Q
23.06.2026 14:52;;;Pobranie opłat z wpływów;5,19;;0,00;Identyfikator operacji: 7e1d8a72-e45a-41fc-81de-3f149a22cc34
23.06.2026 14:14;;;Opłata za dostawę InPost;;-5,19;-5,19;Opłata Smart!: Tak, Zamówienie Smart!: Tak, Identyfikator zamówienia: c9262470-6cd5-11f1-892c-2da5d106f3bf, Wartość zamówienia: 93.74, Waluta zamówienia: PLN, Kod usługi: INP_APM_PL_PL, Usługa: Opłata za dostawę, Numer nadania: 604304728605300129374436
23.06.2026 12:43;;;Pobranie opłat z wpływów;14,99;;0,00;Identyfikator operacji: 6703414e-cb97-434e-bf27-14203d1a9957
23.06.2026 12:05;;;Opłata za dostawę DPD Allegro Delivery;;-14,99;-14,99;Opłata Smart!: Nie, Zamówienie Smart!: Nie, Identyfikator zamówienia: c2783420-6a0e-11f1-b87c-45a74040d874, Wartość zamówienia: 85.35, Waluta zamówienia: PLN, Kod usługi: AD_COURIER, Usługa: Opłata za dostawę, Numer nadania: AD0GNPQLV177R5602
23.06.2026 10:43;;;Pobranie opłat z wpływów;33,41;;0,00;Identyfikator operacji: 7019fa50-19eb-49b6-a564-20aa6a4639f5
23.06.2026 10:40;WODNY PLAC ZABAW DLA DZIECI BASEN BRODZIK ZE ZJEŻDŻALNIĄ FONTANNĄ 297x193cm;18445605076;Prowizja od sprzedaży;;-27,82;-33,41;Identyfikator zamówienia: 0ad80e50-6edf-11f1-97eb-3dfeaf410f68
23.06.2026 10:18;;;Opłata za dostawę DPD Allegro Delivery;;-5,59;-5,59;Opłata Smart!: Tak, Zamówienie Smart!: Tak, Identyfikator zamówienia: b72b1f30-6be7-11f1-b106-a1cd53d76f2b, Wartość zamówienia: 90.79, Waluta zamówienia: PLN, Kod usługi: AD_COURIER, Usługa: Opłata za dostawę, Numer nadania: AD0PB2CQLBPL0J21S
23.06.2026 09:43;;;Pobranie opłat z wpływów;27,82;;0,00;Identyfikator operacji: 1835b9b6-ab2a-4ff7-9ce9-46a357f135bc
23.06.2026 09:41;WODNY PLAC ZABAW DLA DZIECI BASEN BRODZIK ZE ZJEŻDŻALNIĄ FONTANNĄ 297x193cm;18445605076;Prowizja od sprzedaży;;-27,82;-27,82;Identyfikator zamówienia: b17e7ef0-6ed6-11f1-ae63-dd7330dcd2a0
23.06.2026 07:00;;;Pobranie opłat z wpływów;50,51;;0,00;Identyfikator operacji: 411084c9-077b-44c0-8233-174945362c44
23.06.2026 05:54;;;Opłata za kampanię Ads;;-50,51;-50,51;Opłata za dzień: 20.06.2026
22.06.2026 15:44;;;Pobranie opłat z wpływów;48,62;;0,00;Identyfikator operacji: e7ecf5a1-9011-4248-b53a-716be9c447ff
22.06.2026 13:50;PONTON DMUCHANY 3 OSOBOWY POMPKA WIOSŁA ŁÓDŹ WĘDKARSKA PVC ŁÓDKA WAKACYJNA;18445657572;Prowizja od sprzedaży;;-48,62;-48,62;Identyfikator zamówienia: 80c58570-6e30-11f1-a33b-a3295158b919
22.06.2026 06:43;;;Pobranie opłat z wpływów;34,01;;0,00;Identyfikator operacji: 3294e37a-4179-411b-8af4-7756fb7adad1
22.06.2026 05:46;;;Opłata za kampanię Ads;;-34,01;-34,01;Opłata za dzień: 19.06.2026
21.06.2026 06:43;;;Pobranie opłat z wpływów;31,09;;0,00;Identyfikator operacji: 88c327e5-8149-40f1-8c3a-ee1294f0beb2
21.06.2026 05:44;;;Opłata za kampanię Ads;;-31,09;-31,09;Opłata za dzień: 18.06.2026
20.06.2026 20:43;;;Pobranie opłat z wpływów;14,77;;0,00;Identyfikator operacji: 5918d044-0d0c-408e-b1d9-35ef1aed8a31
20.06.2026 20:28;POMPKA ELEKTRYCZNA 220-240V 1100L/MIN QUICK FILL DO MATERACY 6 KOŃCÓWEK;18445613027;Prowizja od sprzedaży;;-14,77;-14,77;Identyfikator zamówienia: c9262470-6cd5-11f1-892c-2da5d106f3bf
20.06.2026 09:43;;;Pobranie opłat z wpływów;10,06;;0,00;Identyfikator operacji: 7ce6d5a3-3d85-43a3-a894-26d4bfcd82e5
20.06.2026 08:49;PODSTAWA OBCIĄŻENIE STOJAK POD PARASOL OGRODOWY NAPEŁNIANE WODĄ 22 L;18445690830;Prowizja od sprzedaży;;-10,06;-10,06;Identyfikator zamówienia: 216bb8f1-6c74-11f1-a93b-adbcbd0baae1
20.06.2026 06:43;;;Pobranie opłat z wpływów;50,64;;0,00;Identyfikator operacji: eedbbed9-db23-4b68-a036-718bd681e8be
20.06.2026 05:42;;;Opłata za kampanię Ads;;-50,64;-50,64;Opłata za dzień: 17.06.2026
19.06.2026 16:43;;;Pobranie opłat z wpływów;10,06;;0,00;Identyfikator operacji: 49ce4b00-adbb-48a9-9865-3ecb01c4c109
19.06.2026 16:04;PODSTAWA OBCIĄŻENIE STOJAK POD PARASOL OGRODOWY NAPEŁNIANE WODĄ 22 L;18445690830;Prowizja od sprzedaży;;-10,06;-10,06;Identyfikator zamówienia: b72b1f30-6be7-11f1-b106-a1cd53d76f2b
19.06.2026 11:43;;;Pobranie opłat z wpływów;5,59;;0,00;Identyfikator operacji: e6ad8f04-1fe7-4e25-ac44-796838909ce8
19.06.2026 11:31;;;Opłata za dostawę DPD Allegro Delivery;;-5,59;-5,59;Opłata Smart!: Tak, Zamówienie Smart!: Tak, Identyfikator zamówienia: b494ad10-6a4b-11f1-a699-dd2fa4dcda1c, Wartość zamówienia: 85.35, Waluta zamówienia: PLN, Kod usługi: AD_COURIER, Usługa: Opłata za dostawę, Numer nadania: AD0FQ5M96KKSDVVRN
19.06.2026 10:43;;;Pobranie opłat z wpływów;5,59;;0,00;Identyfikator operacji: ecc85604-405f-40a3-8611-2001628f8636
19.06.2026 09:53;;;Opłata za dostawę DPD Allegro Delivery;;-5,59;-5,59;Opłata Smart!: Tak, Zamówienie Smart!: Tak, Identyfikator zamówienia: 88843cb2-6a58-11f1-9c61-afd6bb46b605, Wartość zamówienia: 85.35, Waluta zamówienia: PLN, Kod usługi: AD_COURIER, Usługa: Opłata za dostawę, Numer nadania: AD0HHK69WNR9299F1
19.06.2026 05:43;;;Pobranie opłat z wpływów;58,40;;0,00;Identyfikator operacji: 49bb0518-6517-4563-a47d-681907317d47
19.06.2026 05:37;;;Opłata za kampanię Ads;;-58,40;-58,40;Opłata za dzień: 16.06.2026
18.06.2026 11:42;;;Pobranie opłat z wpływów;14,58;;0,00;Identyfikator operacji: 9ab0b14f-be12-4601-87a3-6ee100ff57ad
18.06.2026 10:58;;;Opłata za dostawę DPD Allegro Delivery;;-5,59;-14,58;Opłata Smart!: Tak, Zamówienie Smart!: Tak, Identyfikator zamówienia: a6f9ae51-69a4-11f1-bef7-5d9f2b980df9, Wartość zamówienia: 85.35, Waluta zamówienia: PLN, Kod usługi: AD_COURIER, Usługa: Opłata za dostawę, Numer nadania: AD07VMN113N8Q9JVK
18.06.2026 10:55;;;Opłata za dostawę DPD Allegro Delivery;;-8,99;-8,99;Opłata Smart!: Tak, Zamówienie Smart!: Tak, Identyfikator zamówienia: 6b1071b1-689d-11f1-92d4-a1f19a0c7034, Wartość zamówienia: 522.50, Waluta zamówienia: PLN, Kod usługi: AD_COURIER, Usługa: Opłata za dostawę, Numer nadania: AD0L5HZV1NBWPVTSB
18.06.2026 09:42;;;Pobranie opłat z wpływów;5,59;;0,00;Identyfikator operacji: f4a2dafc-46d6-44af-97fd-0cdcbe8114a4
18.06.2026 09:39;;;Opłata za dostawę DPD Allegro Delivery;;-5,59;-5,59;Opłata Smart!: Tak, Zamówienie Smart!: Tak, Identyfikator zamówienia: 5e02bb80-697a-11f1-8f46-afd26a83e16e, Wartość zamówienia: 85.35, Waluta zamówienia: PLN, Kod usługi: AD_COURIER, Usługa: Opłata za dostawę, Numer nadania: AD052LTW23XBSB2J6
18.06.2026 05:42;;;Pobranie opłat z wpływów;48,97;;0,00;Identyfikator operacji: bbb5c01a-29f4-45cb-a09b-437027d4cf80
18.06.2026 05:25;;;Opłata za kampanię Ads;;-48,97;-48,97;Opłata za dzień: 15.06.2026
17.06.2026 18:42;;;Pobranie opłat z wpływów;8,99;;0,00;Identyfikator operacji: c5e9d29e-a350-4304-a332-c8b4a4aa75d2
17.06.2026 18:10;;;Opłata za dostawę DPD Allegro Delivery;;-8,99;-8,99;Opłata Smart!: Tak, Zamówienie Smart!: Tak, Identyfikator zamówienia: 36405fa0-6973-11f1-a177-2fa6bbeb7dea, Wartość zamówienia: 108.75, Waluta zamówienia: PLN, Kod usługi: AD_COURIER, Usługa: Opłata za dostawę, Numer nadania: AD06MH4QRBM7QZFFR
17.06.2026 16:42;;;Pobranie opłat z wpływów;9,45;;0,00;Identyfikator operacji: 9a751931-3d6f-4e1e-9a33-09511d3ce87c
17.06.2026 16:27;PODSTAWA OBCIĄŻENIE STOJAK POD PARASOL OGRODOWY NAPEŁNIANE WODĄ 22 L;18445690830;Prowizja od sprzedaży;;-9,45;-9,45;Identyfikator zamówienia: 88843cb2-6a58-11f1-9c61-afd6bb46b605
17.06.2026 15:50;;;Pobranie opłat z wpływów;9,45;;0,00;Identyfikator operacji: ab995a5c-e4f7-449c-9ebd-9f872ac01119
17.06.2026 14:55;PODSTAWA OBCIĄŻENIE STOJAK POD PARASOL OGRODOWY NAPEŁNIANE WODĄ 22 L;18445690830;Prowizja od sprzedaży;;-9,45;-9,45;Identyfikator zamówienia: b494ad10-6a4b-11f1-a699-dd2fa4dcda1c
17.06.2026 13:42;;;Pobranie opłat z wpływów;11,29;;0,00;Identyfikator operacji: 2b9acb24-b86c-444a-b43d-b235b66d55fe
17.06.2026 12:47;;;Opłata za dostawę DPD Allegro Delivery;;-11,29;-11,29;Opłata Smart!: Tak, Zamówienie Smart!: Tak, Identyfikator zamówienia: 6b1071b1-689d-11f1-92d4-a1f19a0c7034, Wartość zamówienia: 522.50, Waluta zamówienia: PLN, Kod usługi: AD_COURIER, Usługa: Opłata za dostawę, Numer nadania: AD0LJHZBMDK4RJ3M1
17.06.2026 11:42;;;Pobranie opłat z wpływów;11,29;;0,00;Identyfikator operacji: 363bafdf-f5bc-4a01-9b63-7cb09efd52e2
17.06.2026 11:17;;;Opłata za dostawę DPD Allegro Delivery;;-11,29;-11,29;Opłata Smart!: Tak, Zamówienie Smart!: Tak, Identyfikator zamówienia: 9ebee942-689a-11f1-a3b1-4316fada8457, Wartość zamówienia: 322.50, Waluta zamówienia: PLN, Kod usługi: AD_COURIER, Usługa: Opłata za dostawę, Numer nadania: AD08CMLSP1RVFNHX2
17.06.2026 07:42;;;Pobranie opłat z wpływów;11,11;;0,00;Identyfikator operacji: dc0b3017-bd49-4aab-b188-0e3e36fef4a0
17.06.2026 07:39;PODSTAWA OBCIĄŻENIE STOJAK POD PARASOL OGRODOWY NAPEŁNIANE WODĄ 22 L;18445690830;Prowizja od sprzedaży;;-11,11;-11,11;Identyfikator zamówienia: c2783420-6a0e-11f1-b87c-45a74040d874
17.06.2026 05:42;;;Pobranie opłat z wpływów;44,89;;0,00;Identyfikator operacji: 578ec779-5a4c-4267-a3bb-7ace8272171c
17.06.2026 05:34;;;Opłata za kampanię Ads;;-44,89;-44,89;Opłata za dzień: 14.06.2026
16.06.2026 19:43;;;Pobranie opłat z wpływów;9,45;;0,00;Identyfikator operacji: 1dd2c323-16f8-4091-af65-7279695ec8d0
16.06.2026 18:59;PODSTAWA OBCIĄŻENIE STOJAK POD PARASOL OGRODOWY NAPEŁNIANE WODĄ 22 L;18445690830;Prowizja od sprzedaży;;-9,45;-9,45;Identyfikator zamówienia: a6f9ae51-69a4-11f1-bef7-5d9f2b980df9
16.06.2026 17:54;;;Pobranie opłat z wpływów;0,49;;0,00;Identyfikator operacji: b9703828-8707-4ea8-b3c8-ccd40bf9fffb
16.06.2026 17:06;;;Pobranie opłat z wpływów;11,29;;-0,49;Identyfikator operacji: 723efe00-603f-4cac-8d68-fb3fc0f6b9fd
16.06.2026 17:05;Doładowanie Telefonu Play 5 zł Kod Prepaid Doładowujący Konto Na Kartę;18350967284;Prowizja od sprzedaży;;-0,49;-11,78;Identyfikator zamówienia: b95f41a0-6994-11f1-8ede-3ddc5dbde850
16.06.2026 16:29;;;Opłata za dostawę DPD Allegro Delivery;;-11,29;-11,29;Opłata Smart!: Tak, Zamówienie Smart!: Tak, Identyfikator zamówienia: 2040cd02-63ee-11f1-b6d0-6f99a39fc417, Wartość zamówienia: 323.75, Waluta zamówienia: PLN, Kod usługi: AD_COURIER, Usługa: Opłata za dostawę, Numer nadania: AD0HHLN97SB5P5820
16.06.2026 14:48;;;Pobranie opłat z wpływów;18,44;;0,00;Identyfikator operacji: 7a3c0e37-1b54-4174-b51c-4aabeda9623c
16.06.2026 13:58;PODSTAWA OBCIĄŻENIE STOJAK POD PARASOL OGRODOWY NAPEŁNIANE WODĄ 22 L;18445690830;Prowizja od sprzedaży;;-9,45;-18,44;Identyfikator zamówienia: 5e02bb80-697a-11f1-8f46-afd26a83e16e
16.06.2026 13:49;;;Opłata za dostawę DHL Allegro Delivery;;-8,99;-8,99;Opłata Smart!: Tak, Zamówienie Smart!: Tak, Identyfikator zamówienia: 29ab1383-683c-11f1-a3b1-4316fada8457, Wartość zamówienia: 113.75, Waluta zamówienia: PLN, Kod usługi: AD_COURIER, Usługa: Opłata za dostawę, Numer nadania: AD02LBBIO0
16.06.2026 13:42;;;Pobranie opłat z wpływów;15,03;;0,00;Identyfikator operacji: 5f615ae3-cd37-4e3a-9b5b-3ff4b5fe2cbe
16.06.2026 13:05;REGAŁ LOFTOWY 3 PÓŁKI METAL + DREWNO INDUSTRIALNY DO SALONU ŁAZIENKI BIURA;18445660024;Prowizja od sprzedaży;;-12,04;-15,03;Identyfikator zamówienia: 36405fa0-6973-11f1-a177-2fa6bbeb7dea
16.06.2026 12:43;;;Opłata dodatkowa za dostawę DPD Allegro Delivery;;-2,99;-2,99;Przewoźnik: ALLEGRO, Wartość zadeklarowana: 519, Waluta wartości zadeklarowanej: PLN, Zamówienie Smart!: Tak, Identyfikator zamówienia: e05df8b0-59df-11f1-849b-63bfd66e1503, Informacje od przewoźnika - wysokość paczki: 30, Informacje od przewoźnika - jednostka wysokości paczki: cm, Informacje od przewoźnika - długość paczki: 29, Informacje od przewoźnika - jednostka długości paczki: cm, Informacje od przewoźnika - waga paczki: 24000, Informacje od przewoźnika - jednostka wagi paczki: g, Informacje od przewoźnika - szerokość paczki: 119, Informacje od przewoźnika - jednostka szerokości paczki: cm, Kod usługi: AD_COURIER_20_25, Usługa: Dopłata do przesyłki o wadze powyżej 20 do 25 kg, Numer nadania: AD0SZCHDGV58T7B2N
16.06.2026 12:42;;;Pobranie opłat z wpływów;1,49;;0,00;Identyfikator operacji: c47e8bf0-3857-4023-844f-4851d73c9bd4
16.06.2026 11:42;;;Opłata dodatkowa za dostawę DPD Allegro Delivery;;-1,49;-1,49;Przewoźnik: ALLEGRO, Wartość zadeklarowana: 120, Waluta wartości zadeklarowanej: PLN, Zamówienie Smart!: Tak, Identyfikator zamówienia: 1a277891-59f5-11f1-bec6-39c7111970a6, Informacje od przewoźnika - wysokość paczki: 32, Informacje od przewoźnika - jednostka wysokości paczki: cm, Informacje od przewoźnika - długość paczki: 65, Informacje od przewoźnika - jednostka długości paczki: cm, Informacje od przewoźnika - waga paczki: 14210, Informacje od przewoźnika - jednostka wagi paczki: g, Informacje od przewoźnika - szerokość paczki: 41, Informacje od przewoźnika - jednostka szerokości paczki: cm, Kod usługi: AD_COURIER_10_15, Usługa: Dopłata do przesyłki o wadze powyżej 10 do 15 kg, Numer nadania: AD03LKH6LQTBWH22D
16.06.2026 10:42;;;Pobranie opłat z wpływów;5,47;;0,00;Identyfikator operacji: ef6e403e-7a82-4f36-b4b0-a009e4031089
16.06.2026 10:14;;;Opłata dodatkowa za dostawę DPD Allegro Delivery;;-1,99;-5,47;Przewoźnik: ALLEGRO, Wartość zadeklarowana: 290, Waluta wartości zadeklarowanej: PLN, Zamówienie Smart!: Tak, Identyfikator zamówienia: 1a82fea0-584b-11f1-9285-a9a330b2eaef, Informacje od przewoźnika - wysokość paczki: 30, Informacje od przewoźnika - jednostka wysokości paczki: cm, Informacje od przewoźnika - długość paczki: 23, Informacje od przewoźnika - jednostka długości paczki: cm, Informacje od przewoźnika - waga paczki: 16000, Informacje od przewoźnika - jednostka wagi paczki: g, Informacje od przewoźnika - szerokość paczki: 78, Informacje od przewoźnika - jednostka szerokości paczki: cm, Kod usługi: AD_COURIER_15_20, Usługa: Dopłata do przesyłki o wadze powyżej 15 do 20 kg, Numer nadania: AD0DG2R4QF809SVKQ
16.06.2026 09:57;;;Opłata dodatkowa za dostawę DPD Allegro Delivery;;-1,99;-3,48;Przewoźnik: ALLEGRO, Wartość zadeklarowana: 164, Waluta wartości zadeklarowanej: PLN, Zamówienie Smart!: Tak, Identyfikator zamówienia: 37b848c0-578f-11f1-ae6d-e9762452d2bc, Informacje od przewoźnika - wysokość paczki: 70, Informacje od przewoźnika - jednostka wysokości paczki: cm, Informacje od przewoźnika - długość paczki: 14, Informacje od przewoźnika - jednostka długości paczki: cm, Informacje od przewoźnika - waga paczki: 15680, Informacje od przewoźnika - jednostka wagi paczki: g, Informacje od przewoźnika - szerokość paczki: 96, Informacje od przewoźnika - jednostka szerokości paczki: cm, Kod usługi: AD_COURIER_15_20, Usługa: Dopłata do przesyłki o wadze powyżej 15 do 20 kg, Numer nadania: AD09WTH272BKJMR4F
16.06.2026 09:53;;;Opłata dodatkowa za dostawę DPD Allegro Delivery;;-1,49;-1,49;Przewoźnik: ALLEGRO, Wartość zadeklarowana: 356, Waluta wartości zadeklarowanej: PLN, Zamówienie Smart!: Tak, Identyfikator zamówienia: 117fc480-5604-11f1-9242-39f0b6525a82, Informacje od przewoźnika - wysokość paczki: 31, Informacje od przewoźnika - jednostka wysokości paczki: cm, Informacje od przewoźnika - długość paczki: 43, Informacje od przewoźnika - jednostka długości paczki: cm, Informacje od przewoźnika - waga paczki: 15000, Informacje od przewoźnika - jednostka wagi paczki: g, Informacje od przewoźnika - szerokość paczki: 63, Informacje od przewoźnika - jednostka szerokości paczki: cm, Kod usługi: AD_COURIER_10_15, Usługa: Dopłata do przesyłki o wadze powyżej 10 do 15 kg, Numer nadania: AD05VGWX9XZKN8HD7
16.06.2026 09:42;;;Pobranie opłat z wpływów;1,98;;0,00;Identyfikator operacji: 97baf8e9-c86b-4983-b7c2-4cd752d446ff
16.06.2026 09:27;;;Opłata dodatkowa za dostawę DPD Allegro Delivery;;-1,49;-1,98;Przewoźnik: ALLEGRO, Wartość zadeklarowana: 242, Waluta wartości zadeklarowanej: PLN, Zamówienie Smart!: Tak, Identyfikator zamówienia: 37a8c1d0-56b2-11f1-bd21-9b208c06d19b, Informacje od przewoźnika - wysokość paczki: 52, Informacje od przewoźnika - jednostka wysokości paczki: cm, Informacje od przewoźnika - długość paczki: 9, Informacje od przewoźnika - jednostka długości paczki: cm, Informacje od przewoźnika - waga paczki: 11000, Informacje od przewoźnika - jednostka wagi paczki: g, Informacje od przewoźnika - szerokość paczki: 121, Informacje od przewoźnika - jednostka szerokości paczki: cm, Kod usługi: AD_COURIER_10_15, Usługa: Dopłata do przesyłki o wadze powyżej 10 do 15 kg, Numer nadania: AD09K9NKXLL73CQM9
16.06.2026 09:01;Doładowanie Telefonu Play 5 zł Kod Prepaid Doładowujący Konto Na Kartę;18350967284;Prowizja od sprzedaży;;-0,49;-0,49;Identyfikator zamówienia: 165ee020-6951-11f1-93cc-ebfbb3264c90
16.06.2026 08:42;;;Pobranie opłat z wpływów;0,49;;0,00;Identyfikator operacji: bd8b0d9a-e8f6-40a1-b6fd-baef3cd4794e
16.06.2026 08:01;Doładowanie Telefonu Play 5 zł Kod Prepaid Doładowujący Konto Na Kartę;18350967284;Prowizja od sprzedaży;;-0,49;-0,49;Identyfikator zamówienia: a98eb5e0-6948-11f1-8680-4f10d65950a6
16.06.2026 05:42;;;Pobranie opłat z wpływów;59,63;;0,00;Identyfikator operacji: 16154b19-00bf-4f4d-adfd-c8a444b20931
16.06.2026 05:33;;;Opłata za kampanię Ads;;-56,64;-59,63;Opłata za dzień: 13.06.2026
16.06.2026 05:00;;;Opłata dodatkowa za dostawę DPD Allegro Delivery;;-2,99;-2,99;Przewoźnik: ALLEGRO, Wartość zadeklarowana: 268, Waluta wartości zadeklarowanej: PLN, Zamówienie Smart!: Tak, Identyfikator zamówienia: 3a9e18e0-5063-11f1-9b57-3305a8d1fa71, Informacje od przewoźnika - wysokość paczki: 38, Informacje od przewoźnika - jednostka wysokości paczki: cm, Informacje od przewoźnika - długość paczki: 28, Informacje od przewoźnika - jednostka długości paczki: cm, Informacje od przewoźnika - waga paczki: 22000, Informacje od przewoźnika - jednostka wagi paczki: g, Informacje od przewoźnika - szerokość paczki: 38, Informacje od przewoźnika - jednostka szerokości paczki: cm, Kod usługi: AD_COURIER_20_25, Usługa: Dopłata do przesyłki o wadze powyżej 20 do 25 kg, Numer nadania: AD0D9TX126PTT1J8C
16.06.2026 04:42;;;Pobranie opłat z wpływów;6,97;;0,00;Identyfikator operacji: abc5f726-7367-4c0a-80f6-4ab10e5f6e18
16.06.2026 04:40;;;Opłata dodatkowa za dostawę DPD Allegro Delivery;;-2,99;-6,97;Przewoźnik: ALLEGRO, Wartość zadeklarowana: 487, Waluta wartości zadeklarowanej: PLN, Zamówienie Smart!: Nie, Identyfikator zamówienia: 43345850-5155-11f1-b3c5-252bc3786a5c, Informacje od przewoźnika - wysokość paczki: 30, Informacje od przewoźnika - jednostka wysokości paczki: cm, Informacje od przewoźnika - długość paczki: 29, Informacje od przewoźnika - jednostka długości paczki: cm, Informacje od przewoźnika - waga paczki: 24000, Informacje od przewoźnika - jednostka wagi paczki: g, Informacje od przewoźnika - szerokość paczki: 119, Informacje od przewoźnika - jednostka szerokości paczki: cm, Kod usługi: AD_COURIER_20_25, Usługa: Dopłata do przesyłki o wadze powyżej 20 do 25 kg, Numer nadania: AD0SHB103W2CLS46N
16.06.2026 04:38;;;Opłata dodatkowa za dostawę DPD Allegro Delivery;;-1,99;-3,98;Przewoźnik: ALLEGRO, Wartość zadeklarowana: 138, Waluta wartości zadeklarowanej: PLN, Zamówienie Smart!: Nie, Identyfikator zamówienia: 76a0b800-51b9-11f1-970e-650f4f6ce9f5, Informacje od przewoźnika - wysokość paczki: 54, Informacje od przewoźnika - jednostka wysokości paczki: cm, Informacje od przewoźnika - długość paczki: 27, Informacje od przewoźnika - jednostka długości paczki: cm, Informacje od przewoźnika - waga paczki: 15070, Informacje od przewoźnika - jednostka wagi paczki: g, Informacje od przewoźnika - szerokość paczki: 62, Informacje od przewoźnika - jednostka szerokości paczki: cm, Kod usługi: AD_COURIER_15_20, Usługa: Dopłata do przesyłki o wadze powyżej 15 do 20 kg, Numer nadania: AD09D86B7FM3PWDLH
16.06.2026 04:20;;;Opłata dodatkowa za dostawę DPD Allegro Delivery;;-1,99;-1,99;Przewoźnik: ALLEGRO, Wartość zadeklarowana: 240, Waluta wartości zadeklarowanej: PLN, Zamówienie Smart!: Tak, Identyfikator zamówienia: d30a8870-4faf-11f1-bf08-5741e1556363, Informacje od przewoźnika - wysokość paczki: 56, Informacje od przewoźnika - jednostka wysokości paczki: cm, Informacje od przewoźnika - długość paczki: 21, Informacje od przewoźnika - jednostka długości paczki: cm, Informacje od przewoźnika - waga paczki: 18820, Informacje od przewoźnika - jednostka wagi paczki: g, Informacje od przewoźnika - szerokość paczki: 96, Informacje od przewoźnika - jednostka szerokości paczki: cm, Kod usługi: AD_COURIER_15_20, Usługa: Dopłata do przesyłki o wadze powyżej 15 do 20 kg, Numer nadania: AD0812R9M3L8VJLHC
16.06.2026 03:42;;;Pobranie opłat z wpływów;8,96;;0,00;Identyfikator operacji: 872fb3e2-a89c-47f8-bb7b-6f2607f7597c
16.06.2026 03:29;;;Opłata dodatkowa za dostawę DPD Allegro Delivery;;-2,99;-8,96;Przewoźnik: ALLEGRO, Wartość zadeklarowana: 240, Waluta wartości zadeklarowanej: PLN, Zamówienie Smart!: Tak, Identyfikator zamówienia: d30a8870-4faf-11f1-bf08-5741e1556363, Informacje od przewoźnika - wysokość paczki: 61, Informacje od przewoźnika - jednostka wysokości paczki: cm, Informacje od przewoźnika - długość paczki: 23, Informacje od przewoźnika - jednostka długości paczki: cm, Informacje od przewoźnika - waga paczki: 22450, Informacje od przewoźnika - jednostka wagi paczki: g, Informacje od przewoźnika - szerokość paczki: 96, Informacje od przewoźnika - jednostka szerokości paczki: cm, Kod usługi: AD_COURIER_20_25, Usługa: Dopłata do przesyłki o wadze powyżej 20 do 25 kg, Numer nadania: AD0B0K8FPP2Q6KT12
16.06.2026 03:28;;;Opłata dodatkowa za dostawę DPD Allegro Delivery;;-1,99;-5,97;Przewoźnik: ALLEGRO, Wartość zadeklarowana: 130, Waluta wartości zadeklarowanej: PLN, Zamówienie Smart!: Tak, Identyfikator zamówienia: f6a41ad0-4fb9-11f1-8ba1-e5fe68117a91, Informacje od przewoźnika - wysokość paczki: 54, Informacje od przewoźnika - jednostka wysokości paczki: cm, Informacje od przewoźnika - długość paczki: 27, Informacje od przewoźnika - jednostka długości paczki: cm, Informacje od przewoźnika - waga paczki: 15070, Informacje od przewoźnika - jednostka wagi paczki: g, Informacje od przewoźnika - szerokość paczki: 62, Informacje od przewoźnika - jednostka szerokości paczki: cm, Kod usługi: AD_COURIER_15_20, Usługa: Dopłata do przesyłki o wadze powyżej 15 do 20 kg, Numer nadania: AD0BJLDMG7ZG0J3XX
16.06.2026 03:02;;;Opłata dodatkowa za dostawę DPD Allegro Delivery;;-1,99;-3,98;Przewoźnik: ALLEGRO, Wartość zadeklarowana: 130, Waluta wartości zadeklarowanej: PLN, Zamówienie Smart!: Tak, Identyfikator zamówienia: f6a41ad0-4fb9-11f1-8ba1-e5fe68117a91, Informacje od przewoźnika - wysokość paczki: 54, Informacje od przewoźnika - jednostka wysokości paczki: cm, Informacje od przewoźnika - długość paczki: 27, Informacje od przewoźnika - jednostka długości paczki: cm, Informacje od przewoźnika - waga paczki: 15070, Informacje od przewoźnika - jednostka wagi paczki: g, Informacje od przewoźnika - szerokość paczki: 62, Informacje od przewoźnika - jednostka szerokości paczki: cm, Kod usługi: AD_COURIER_15_20, Usługa: Dopłata do przesyłki o wadze powyżej 15 do 20 kg, Numer nadania: AD01K1WJ7QZ9Q2N1D
16.06.2026 03:01;;;Opłata dodatkowa za dostawę DPD Allegro Delivery;;-1,99;-1,99;Przewoźnik: ALLEGRO, Wartość zadeklarowana: 295, Waluta wartości zadeklarowanej: PLN, Zamówienie Smart!: Tak, Identyfikator zamówienia: 298ece60-4fd1-11f1-80b9-23773bd46d73, Informacje od przewoźnika - wysokość paczki: 50, Informacje od przewoźnika - jednostka wysokości paczki: cm, Informacje od przewoźnika - długość paczki: 41, Informacje od przewoźnika - jednostka długości paczki: cm, Informacje od przewoźnika - waga paczki: 19820, Informacje od przewoźnika - jednostka wagi paczki: g, Informacje od przewoźnika - szerokość paczki: 58, Informacje od przewoźnika - jednostka szerokości paczki: cm, Kod usługi: AD_COURIER_15_20, Usługa: Dopłata do przesyłki o wadze powyżej 15 do 20 kg, Numer nadania: AD0N37D3TLSH1SHVM
16.06.2026 02:42;;;Pobranie opłat z wpływów;1,49;;0,00;Identyfikator operacji: 852bd00f-6790-4734-bda3-89f244950a10
16.06.2026 01:53;;;Opłata dodatkowa za dostawę DPD Allegro Delivery;;-1,49;-1,49;Przewoźnik: ALLEGRO, Wartość zadeklarowana: 150, Waluta wartości zadeklarowanej: PLN, Zamówienie Smart!: Tak, Identyfikator zamówienia: 4b7b5f61-4f5f-11f1-86c5-f14eee77cf7a, Informacje od przewoźnika - wysokość paczki: 80, Informacje od przewoźnika - jednostka wysokości paczki: cm, Informacje od przewoźnika - długość paczki: 9, Informacje od przewoźnika - jednostka długości paczki: cm, Informacje od przewoźnika - waga paczki: 12000, Informacje od przewoźnika - jednostka wagi paczki: g, Informacje od przewoźnika - szerokość paczki: 99, Informacje od przewoźnika - jednostka szerokości paczki: cm, Kod usługi: AD_COURIER_10_15, Usługa: Dopłata do przesyłki o wadze powyżej 10 do 15 kg, Numer nadania: AD0QSZD730ZZZKQW4
16.06.2026 01:42;;;Pobranie opłat z wpływów;7,96;;0,00;Identyfikator operacji: c1b9a5e8-3948-40b2-b6dd-da1503708ff2
16.06.2026 01:21;;;Opłata dodatkowa za dostawę DPD Allegro Delivery;;-2,99;-7,96;Przewoźnik: ALLEGRO, Wartość zadeklarowana: 475, Waluta wartości zadeklarowanej: PLN, Zamówienie Smart!: Tak, Identyfikator zamówienia: 594bffd0-4d63-11f1-9147-afa08183ee66, Informacje od przewoźnika - wysokość paczki: 30, Informacje od przewoźnika - jednostka wysokości paczki: cm, Informacje od przewoźnika - długość paczki: 29, Informacje od przewoźnika - jednostka długości paczki: cm, Informacje od przewoźnika - waga paczki: 24000, Informacje od przewoźnika - jednostka wagi paczki: g, Informacje od przewoźnika - szerokość paczki: 119, Informacje od przewoźnika - jednostka szerokości paczki: cm, Kod usługi: AD_COURIER_20_25, Usługa: Dopłata do przesyłki o wadze powyżej 20 do 25 kg, Numer nadania: AD0RWP400N4MJCFN3
16.06.2026 01:15;;;Opłata dodatkowa za dostawę DPD Allegro Delivery;;-1,49;-4,97;Przewoźnik: ALLEGRO, Wartość zadeklarowana: 100, Waluta wartości zadeklarowanej: PLN, Zamówienie Smart!: Tak, Identyfikator zamówienia: faa9edc0-4e1b-11f1-9147-afa08183ee66, Informacje od przewoźnika - wysokość paczki: 62, Informacje od przewoźnika - jednostka wysokości paczki: cm, Informacje od przewoźnika - długość paczki: 112, Informacje od przewoźnika - jednostka długości paczki: cm, Informacje od przewoźnika - waga paczki: 10420, Informacje od przewoźnika - jednostka wagi paczki: g, Informacje od przewoźnika - szerokość paczki: 9, Informacje od przewoźnika - jednostka szerokości paczki: cm, Kod usługi: AD_COURIER_10_15, Usługa: Dopłata do przesyłki o wadze powyżej 10 do 15 kg, Numer nadania: AD0WBPLX7BBMH1PD9
16.06.2026 01:06;;;Opłata dodatkowa za dostawę DPD Allegro Delivery;;-1,49;-3,48;Przewoźnik: ALLEGRO, Wartość zadeklarowana: 200, Waluta wartości zadeklarowanej: PLN, Zamówienie Smart!: Tak, Identyfikator zamówienia: 526ee9f0-59d6-11f1-849b-63bfd66e1503, Informacje od przewoźnika - wysokość paczki: 23, Informacje od przewoźnika - jednostka wysokości paczki: cm, Informacje od przewoźnika - długość paczki: 30, Informacje od przewoźnika - jednostka długości paczki: cm, Informacje od przewoźnika - waga paczki: 15000, Informacje od przewoźnika - jednostka wagi paczki: g, Informacje od przewoźnika - szerokość paczki: 78, Informacje od przewoźnika - jednostka szerokości paczki: cm, Kod usługi: AD_COURIER_10_15, Usługa: Dopłata do przesyłki o wadze powyżej 10 do 15 kg, Numer nadania: AD00XFGGG1V3S4TDH
16.06.2026 01:06;;;Opłata dodatkowa za dostawę DPD Allegro Delivery;;-1,99;-1,99;Przewoźnik: ALLEGRO, Wartość zadeklarowana: 200, Waluta wartości zadeklarowanej: PLN, Zamówienie Smart!: Tak, Identyfikator zamówienia: 526ee9f0-59d6-11f1-849b-63bfd66e1503, Informacje od przewoźnika - wysokość paczki: 30, Informacje od przewoźnika - jednostka wysokości paczki: cm, Informacje od przewoźnika - długość paczki: 23, Informacje od przewoźnika - jednostka długości paczki: cm, Informacje od przewoźnika - waga paczki: 15100, Informacje od przewoźnika - jednostka wagi paczki: g, Informacje od przewoźnika - szerokość paczki: 79, Informacje od przewoźnika - jednostka szerokości paczki: cm, Kod usługi: AD_COURIER_15_20, Usługa: Dopłata do przesyłki o wadze powyżej 15 do 20 kg, Numer nadania: AD0TTRD32Z79NC2JV
16.06.2026 00:42;;;Pobranie opłat z wpływów;2,99;;0,00;Identyfikator operacji: df99f4a0-0a01-4c9e-af11-08eaca79743b
16.06.2026 00:16;;;Opłata dodatkowa za dostawę DPD Allegro Delivery;;-2,99;-2,99;Przewoźnik: ALLEGRO, Wartość zadeklarowana: 519, Waluta wartości zadeklarowanej: PLN, Zamówienie Smart!: Tak, Identyfikator zamówienia: fae71a50-593e-11f1-ae6d-e9762452d2bc, Informacje od przewoźnika - wysokość paczki: 30, Informacje od przewoźnika - jednostka wysokości paczki: cm, Informacje od przewoźnika - długość paczki: 29, Informacje od przewoźnika - jednostka długości paczki: cm, Informacje od przewoźnika - waga paczki: 24000, Informacje od przewoźnika - jednostka wagi paczki: g, Informacje od przewoźnika - szerokość paczki: 119, Informacje od przewoźnika - jednostka szerokości paczki: cm, Kod usługi: AD_COURIER_20_25, Usługa: Dopłata do przesyłki o wadze powyżej 20 do 25 kg, Numer nadania: AD0WLSMK69RN3STDT
15.06.2026 23:42;;;Pobranie opłat z wpływów;3,48;;0,00;Identyfikator operacji: 37238b79-78fc-46a9-a99a-c1b67386f55d
15.06.2026 23:21;;;Opłata dodatkowa za dostawę DPD Allegro Delivery;;-1,99;-3,48;Przewoźnik: ALLEGRO, Wartość zadeklarowana: 295, Waluta wartości zadeklarowanej: PLN, Zamówienie Smart!: Tak, Identyfikator zamówienia: fa12dec0-4d27-11f1-8d7e-11c7d0b7f92d, Informacje od przewoźnika - wysokość paczki: 50, Informacje od przewoźnika - jednostka wysokości paczki: cm, Informacje od przewoźnika - długość paczki: 37, Informacje od przewoźnika - jednostka długości paczki: cm, Informacje od przewoźnika - waga paczki: 17270, Informacje od przewoźnika - jednostka wagi paczki: g, Informacje od przewoźnika - szerokość paczki: 56, Informacje od przewoźnika - jednostka szerokości paczki: cm, Kod usługi: AD_COURIER_15_20, Usługa: Dopłata do przesyłki o wadze powyżej 15 do 20 kg, Numer nadania: AD03QTV6JC9WM16PC
15.06.2026 23:02;;;Opłata dodatkowa za dostawę DPD Allegro Delivery;;-1,49;-1,49;Przewoźnik: ALLEGRO, Wartość zadeklarowana: 156, Waluta wartości zadeklarowanej: PLN, Zamówienie Smart!: Tak, Identyfikator zamówienia: f9bdafc1-4cac-11f1-8c5a-3f73b9775e6f, Informacje od przewoźnika - wysokość paczki: 52, Informacje od przewoźnika - jednostka wysokości paczki: cm, Informacje od przewoźnika - długość paczki: 32, Informacje od przewoźnika - jednostka długości paczki: cm, Informacje od przewoźnika - waga paczki: 14420, Informacje od przewoźnika - jednostka wagi paczki: g, Informacje od przewoźnika - szerokość paczki: 52, Informacje od przewoźnika - jednostka szerokości paczki: cm, Kod usługi: AD_COURIER_10_15, Usługa: Dopłata do przesyłki o wadze powyżej 10 do 15 kg, Numer nadania: AD03NP10KFV1T6XMT
15.06.2026 22:42;;;Pobranie opłat z wpływów;2,98;;0,00;Identyfikator operacji: 0a8e8e6a-ec9b-4a2c-814a-725f11c011ff
15.06.2026 21:57;;;Opłata dodatkowa za dostawę DPD Allegro Delivery;;-1,49;-2,98;Przewoźnik: ALLEGRO, Wartość zadeklarowana: 156, Waluta wartości zadeklarowanej: PLN, Zamówienie Smart!: Tak, Identyfikator zamówienia: 7182ef20-4c35-11f1-b3c5-252bc3786a5c, Informacje od przewoźnika - wysokość paczki: 52, Informacje od przewoźnika - jednostka wysokości paczki: cm, Informacje od przewoźnika - długość paczki: 32, Informacje od przewoźnika - jednostka długości paczki: cm, Informacje od przewoźnika - waga paczki: 14420, Informacje od przewoźnika - jednostka wagi paczki: g, Informacje od przewoźnika - szerokość paczki: 52, Informacje od przewoźnika - jednostka szerokości paczki: cm, Kod usługi: AD_COURIER_10_15, Usługa: Dopłata do przesyłki o wadze powyżej 10 do 15 kg, Numer nadania: AD08BLP2HZQLP1GM3
15.06.2026 21:50;;;Opłata dodatkowa za dostawę DPD Allegro Delivery;;-1,49;-1,49;Przewoźnik: ALLEGRO, Wartość zadeklarowana: 229, Waluta wartości zadeklarowanej: PLN, Zamówienie Smart!: Tak, Identyfikator zamówienia: 9b12dc90-54e3-11f1-a7bd-13f9362d5660, Informacje od przewoźnika - wysokość paczki: 52, Informacje od przewoźnika - jednostka wysokości paczki: cm, Informacje od przewoźnika - długość paczki: 10, Informacje od przewoźnika - jednostka długości paczki: cm, Informacje od przewoźnika - waga paczki: 11000, Informacje od przewoźnika - jednostka wagi paczki: g, Informacje od przewoźnika - szerokość paczki: 116, Informacje od przewoźnika - jednostka szerokości paczki: cm, Kod usługi: AD_COURIER_10_15, Usługa: Dopłata do przesyłki o wadze powyżej 10 do 15 kg, Numer nadania: AD0JTNW97ZGW0JLT9
15.06.2026 20:42;;;Pobranie opłat z wpływów;5,98;;0,00;Identyfikator operacji: 5c87e3f5-2db5-4aa9-83d2-ff370dd84c82
15.06.2026 20:14;;;Opłata dodatkowa za dostawę DPD Allegro Delivery;;-2,99;-5,98;Przewoźnik: ALLEGRO, Wartość zadeklarowana: 475, Waluta wartości zadeklarowanej: PLN, Zamówienie Smart!: Tak, Identyfikator zamówienia: b0924490-4ac3-11f1-979e-2de76ef7b6ca, Informacje od przewoźnika - wysokość paczki: 30, Informacje od przewoźnika - jednostka wysokości paczki: cm, Informacje od przewoźnika - długość paczki: 29, Informacje od przewoźnika - jednostka długości paczki: cm, Informacje od przewoźnika - waga paczki: 24000, Informacje od przewoźnika - jednostka wagi paczki: g, Informacje od przewoźnika - szerokość paczki: 119, Informacje od przewoźnika - jednostka szerokości paczki: cm, Kod usługi: AD_COURIER_20_25, Usługa: Dopłata do przesyłki o wadze powyżej 20 do 25 kg, Numer nadania: AD0PKVDJ5RZZCLCMS
15.06.2026 19:53;;;Opłata dodatkowa za dostawę DPD Allegro Delivery;;-2,99;-2,99;Przewoźnik: ALLEGRO, Wartość zadeklarowana: 292, Waluta wartości zadeklarowanej: PLN, Zamówienie Smart!: Tak, Identyfikator zamówienia: fcc043a0-4986-11f1-bad0-dfe5498264fa, Informacje od przewoźnika - wysokość paczki: 59, Informacje od przewoźnika - jednostka wysokości paczki: cm, Informacje od przewoźnika - długość paczki: 22, Informacje od przewoźnika - jednostka długości paczki: cm, Informacje od przewoźnika - waga paczki: 20550, Informacje od przewoźnika - jednostka wagi paczki: g, Informacje od przewoźnika - szerokość paczki: 95, Informacje od przewoźnika - jednostka szerokości paczki: cm, Kod usługi: AD_COURIER_20_25, Usługa: Dopłata do przesyłki o wadze powyżej 20 do 25 kg, Numer nadania: AD05TL258L8R8SVBF
15.06.2026 19:42;;;Pobranie opłat z wpływów;22,98;;0,00;Identyfikator operacji: f2d67196-989d-4037-87be-7883d9587e1a
15.06.2026 19:34;;;Opłata dodatkowa za dostawę DPD Allegro Delivery;;-19,99;-22,98;Przewoźnik: ALLEGRO, Wartość zadeklarowana: 121, Waluta wartości zadeklarowanej: PLN, Zamówienie Smart!: Tak, Identyfikator zamówienia: 45fe0140-4e84-11f1-ad72-3349c40cbf98, Informacje od przewoźnika - wysokość paczki: 14, Informacje od przewoźnika - jednostka wysokości paczki: cm, Informacje od przewoźnika - długość paczki: 14, Informacje od przewoźnika - jednostka długości paczki: cm, Informacje od przewoźnika - waga paczki: 4500, Informacje od przewoźnika - jednostka wagi paczki: g, Informacje od przewoźnika - szerokość paczki: 142, Informacje od przewoźnika - jednostka szerokości paczki: cm, Kod usługi: AD_NON_STANDARD, Usługa: Przesyłka niestandardowa, Numer nadania: AD0M5SCMS2R489LC2
15.06.2026 18:51;;;Opłata dodatkowa za dostawę DPD Allegro Delivery;;-2,99;-2,99;Przewoźnik: ALLEGRO, Wartość zadeklarowana: 292, Waluta wartości zadeklarowanej: PLN, Zamówienie Smart!: Tak, Identyfikator zamówienia: 02a1c6a0-4dd7-11f1-8a79-99e0ab541049, Informacje od przewoźnika - wysokość paczki: 59, Informacje od przewoźnika - jednostka wysokości paczki: cm, Informacje od przewoźnika - długość paczki: 22, Informacje od przewoźnika - jednostka długości paczki: cm, Informacje od przewoźnika - waga paczki: 20550, Informacje od przewoźnika - jednostka wagi paczki: g, Informacje od przewoźnika - szerokość paczki: 95, Informacje od przewoźnika - jednostka szerokości paczki: cm, Kod usługi: AD_COURIER_20_25, Usługa: Dopłata do przesyłki o wadze powyżej 20 do 25 kg, Numer nadania: AD01KMHZKQZ8KDZ0P
15.06.2026 18:42;;;Pobranie opłat z wpływów;1,49;;0,00;Identyfikator operacji: 7ad60395-f618-4263-aa71-861071e83b6c
15.06.2026 18:35;;;Opłata dodatkowa za dostawę DPD Allegro Delivery;;-1,49;-1,49;Przewoźnik: ALLEGRO, Wartość zadeklarowana: 245, Waluta wartości zadeklarowanej: PLN, Zamówienie Smart!: Tak, Identyfikator zamówienia: 0d1039d0-4929-11f1-b3c5-252bc3786a5c, Informacje od przewoźnika - wysokość paczki: 21, Informacje od przewoźnika - jednostka wysokości paczki: cm, Informacje od przewoźnika - długość paczki: 20, Informacje od przewoźnika - jednostka długości paczki: cm, Informacje od przewoźnika - waga paczki: 11000, Informacje od przewoźnika - jednostka wagi paczki: g, Informacje od przewoźnika - szerokość paczki: 119, Informacje od przewoźnika - jednostka szerokości paczki: cm, Kod usługi: AD_COURIER_10_15, Usługa: Dopłata do przesyłki o wadze powyżej 10 do 15 kg, Numer nadania: AD0WBLKSKC217D5XV
15.06.2026 17:42;;;Pobranie opłat z wpływów;17,43;;0,00;Identyfikator operacji: 1798a1f3-6d9d-4ad5-b52a-fb77b69f8c5b
15.06.2026 17:39;;;Opłata dodatkowa za dostawę DPD Allegro Delivery;;-1,49;-17,43;Przewoźnik: ALLEGRO, Wartość zadeklarowana: 156, Waluta wartości zadeklarowanej: PLN, Zamówienie Smart!: Tak, Identyfikator zamówienia: 23dc8d80-47b7-11f1-b9f6-5b50de5516ef, Informacje od przewoźnika - wysokość paczki: 52, Informacje od przewoźnika - jednostka wysokości paczki: cm, Informacje od przewoźnika - długość paczki: 32, Informacje od przewoźnika - jednostka długości paczki: cm, Informacje od przewoźnika - waga paczki: 14420, Informacje od przewoźnika - jednostka wagi paczki: g, Informacje od przewoźnika - szerokość paczki: 52, Informacje od przewoźnika - jednostka szerokości paczki: cm, Kod usługi: AD_COURIER_10_15, Usługa: Dopłata do przesyłki o wadze powyżej 10 do 15 kg, Numer nadania: AD0CNC2FQ986B9Q5X
15.06.2026 17:34;;;Opłata dodatkowa za dostawę DPD Allegro Delivery;;-1,99;-15,94;Przewoźnik: ALLEGRO, Wartość zadeklarowana: 292, Waluta wartości zadeklarowanej: PLN, Zamówienie Smart!: Tak, Identyfikator zamówienia: 85f68390-4843-11f1-8fc0-a9bcec767d6c, Informacje od przewoźnika - wysokość paczki: 56, Informacje od przewoźnika - jednostka wysokości paczki: cm, Informacje od przewoźnika - długość paczki: 21, Informacje od przewoźnika - jednostka długości paczki: cm, Informacje od przewoźnika - waga paczki: 18820, Informacje od przewoźnika - jednostka wagi paczki: g, Informacje od przewoźnika - szerokość paczki: 96, Informacje od przewoźnika - jednostka szerokości paczki: cm, Kod usługi: AD_COURIER_15_20, Usługa: Dopłata do przesyłki o wadze powyżej 15 do 20 kg, Numer nadania: AD0LG40R509XR4FS0
15.06.2026 17:34;;;Opłata dodatkowa za dostawę DPD Allegro Delivery;;-2,99;-13,95;Przewoźnik: ALLEGRO, Wartość zadeklarowana: 656, Waluta wartości zadeklarowanej: PLN, Zamówienie Smart!: Tak, Identyfikator zamówienia: ecc6e110-46f3-11f1-9bfb-0d461d39755a, Informacje od przewoźnika - wysokość paczki: 60, Informacje od przewoźnika - jednostka wysokości paczki: cm, Informacje od przewoźnika - długość paczki: 23, Informacje od przewoźnika - jednostka długości paczki: cm, Informacje od przewoźnika - waga paczki: 22080, Informacje od przewoźnika - jednostka wagi paczki: g, Informacje od przewoźnika - szerokość paczki: 96, Informacje od przewoźnika - jednostka szerokości paczki: cm, Kod usługi: AD_COURIER_20_25, Usługa: Dopłata do przesyłki o wadze powyżej 20 do 25 kg, Numer nadania: AD0XSGBSVN113KDVM
15.06.2026 17:30;;;Opłata dodatkowa za dostawę DPD Allegro Delivery;;-2,99;-10,96;Przewoźnik: ALLEGRO, Wartość zadeklarowana: 656, Waluta wartości zadeklarowanej: PLN, Zamówienie Smart!: Tak, Identyfikator zamówienia: ecc6e110-46f3-11f1-9bfb-0d461d39755a, Informacje od przewoźnika - wysokość paczki: 57, Informacje od przewoźnika - jednostka wysokości paczki: cm, Informacje od przewoźnika - długość paczki: 23, Informacje od przewoźnika - jednostka długości paczki: cm, Informacje od przewoźnika - waga paczki: 20980, Informacje od przewoźnika - jednostka wagi paczki: g, Informacje od przewoźnika - szerokość paczki: 96, Informacje od przewoźnika - jednostka szerokości paczki: cm, Kod usługi: AD_COURIER_20_25, Usługa: Dopłata do przesyłki o wadze powyżej 20 do 25 kg, Numer nadania: AD04HVXPL8GZP4SDZ
15.06.2026 17:29;;;Opłata dodatkowa za dostawę DPD Allegro Delivery;;-2,99;-7,97;Przewoźnik: ALLEGRO, Wartość zadeklarowana: 656, Waluta wartości zadeklarowanej: PLN, Zamówienie Smart!: Tak, Identyfikator zamówienia: ecc6e110-46f3-11f1-9bfb-0d461d39755a, Informacje od przewoźnika - wysokość paczki: 58, Informacje od przewoźnika - jednostka wysokości paczki: cm, Informacje od przewoźnika - długość paczki: 22, Informacje od przewoźnika - jednostka długości paczki: cm, Informacje od przewoźnika - waga paczki: 20630, Informacje od przewoźnika - jednostka wagi paczki: g, Informacje od przewoźnika - szerokość paczki: 97, Informacje od przewoźnika - jednostka szerokości paczki: cm, Kod usługi: AD_COURIER_20_25, Usługa: Dopłata do przesyłki o wadze powyżej 20 do 25 kg, Numer nadania: AD0R9C8MH45ZN7PX6
15.06.2026 17:27;;;Opłata dodatkowa za dostawę DPD Allegro Delivery;;-2,99;-4,98;Przewoźnik: ALLEGRO, Wartość zadeklarowana: 656, Waluta wartości zadeklarowanej: PLN, Zamówienie Smart!: Tak, Identyfikator zamówienia: ecc6e110-46f3-11f1-9bfb-0d461d39755a, Informacje od przewoźnika - wysokość paczki: 57, Informacje od przewoźnika - jednostka wysokości paczki: cm, Informacje od przewoźnika - długość paczki: 23, Informacje od przewoźnika - jednostka długości paczki: cm, Informacje od przewoźnika - waga paczki: 20760, Informacje od przewoźnika - jednostka wagi paczki: g, Informacje od przewoźnika - szerokość paczki: 95, Informacje od przewoźnika - jednostka szerokości paczki: cm, Kod usługi: AD_COURIER_20_25, Usługa: Dopłata do przesyłki o wadze powyżej 20 do 25 kg, Numer nadania: AD0HC5RZZPLBTXGR3
15.06.2026 17:26;;;Opłata dodatkowa za dostawę DPD Allegro Delivery;;-1,99;-1,99;Przewoźnik: ALLEGRO, Wartość zadeklarowana: 656, Waluta wartości zadeklarowanej: PLN, Zamówienie Smart!: Tak, Identyfikator zamówienia: ecc6e110-46f3-11f1-9bfb-0d461d39755a, Informacje od przewoźnika - wysokość paczki: 56, Informacje od przewoźnika - jednostka wysokości paczki: cm, Informacje od przewoźnika - długość paczki: 21, Informacje od przewoźnika - jednostka długości paczki: cm, Informacje od przewoźnika - waga paczki: 18820, Informacje od przewoźnika - jednostka wagi paczki: g, Informacje od przewoźnika - szerokość paczki: 96, Informacje od przewoźnika - jednostka szerokości paczki: cm, Kod usługi: AD_COURIER_15_20, Usługa: Dopłata do przesyłki o wadze powyżej 15 do 20 kg, Numer nadania: AD04VJV22GM1H2MGV
15.06.2026 17:24;;;Pobranie opłat z wpływów;21,48;;0,00;Identyfikator operacji: b8ae760b-68be-4603-91a7-a89c1216e1e6
15.06.2026 16:40;;;Opłata dodatkowa za dostawę DPD Allegro Delivery;;-1,49;-21,48;Przewoźnik: ALLEGRO, Wartość zadeklarowana: 116, Waluta wartości zadeklarowanej: PLN, Zamówienie Smart!: Tak, Identyfikator zamówienia: 17cf4241-4892-11f1-a69b-613ee8aad2a4, Informacje od przewoźnika - wysokość paczki: 27, Informacje od przewoźnika - jednostka wysokości paczki: cm, Informacje od przewoźnika - długość paczki: 30, Informacje od przewoźnika - jednostka długości paczki: cm, Informacje od przewoźnika - waga paczki: 10800, Informacje od przewoźnika - jednostka wagi paczki: g, Informacje od przewoźnika - szerokość paczki: 80, Informacje od przewoźnika - jednostka szerokości paczki: cm, Kod usługi: AD_COURIER_10_15, Usługa: Dopłata do przesyłki o wadze powyżej 10 do 15 kg, Numer nadania: AD08L7CVVQGW5JVBS
15.06.2026 16:40;;;Opłata dodatkowa za dostawę DPD Allegro Delivery;;-19,99;-19,99;Przewoźnik: ALLEGRO, Wartość zadeklarowana: 121, Waluta wartości zadeklarowanej: PLN, Zamówienie Smart!: Tak, Identyfikator zamówienia: 98430ad1-4629-11f1-bd0d-6b2b290fdd6f, Informacje od przewoźnika - wysokość paczki: 14, Informacje od przewoźnika - jednostka wysokości paczki: cm, Informacje od przewoźnika - długość paczki: 14, Informacje od przewoźnika - jednostka długości paczki: cm, Informacje od przewoźnika - waga paczki: 4500, Informacje od przewoźnika - jednostka wagi paczki: g, Informacje od przewoźnika - szerokość paczki: 142, Informacje od przewoźnika - jednostka szerokości paczki: cm, Kod usługi: AD_NON_STANDARD, Usługa: Przesyłka niestandardowa, Numer nadania: AD0Q8RRF2612NWTF6
15.06.2026 15:48;;;Pobranie opłat z wpływów;4,97;;0,00;Identyfikator operacji: b4dcbf1e-a059-405d-a6ee-3161680bde40
15.06.2026 15:21;;;Opłata dodatkowa za dostawę DPD Allegro Delivery;;-1,49;-4,97;Przewoźnik: ALLEGRO, Wartość zadeklarowana: 129, Waluta wartości zadeklarowanej: PLN, Zamówienie Smart!: Tak, Identyfikator zamówienia: 9acc8710-4735-11f1-9d0f-114d079e4d93, Informacje od przewoźnika - wysokość paczki: 58, Informacje od przewoźnika - jednostka wysokości paczki: cm, Informacje od przewoźnika - długość paczki: 14, Informacje od przewoźnika - jednostka długości paczki: cm, Informacje od przewoźnika - waga paczki: 11910, Informacje od przewoźnika - jednostka wagi paczki: g, Informacje od przewoźnika - szerokość paczki: 88, Informacje od przewoźnika - jednostka szerokości paczki: cm, Kod usługi: AD_COURIER_10_15, Usługa: Dopłata do przesyłki o wadze powyżej 10 do 15 kg, Numer nadania: AD04B0162LQLR2WLN
15.06.2026 15:21;;;Opłata dodatkowa za dostawę DPD Allegro Delivery;;-1,49;-3,48;Przewoźnik: ALLEGRO, Wartość zadeklarowana: 129, Waluta wartości zadeklarowanej: PLN, Zamówienie Smart!: Tak, Identyfikator zamówienia: 9acc8710-4735-11f1-9d0f-114d079e4d93, Informacje od przewoźnika - wysokość paczki: 58, Informacje od przewoźnika - jednostka wysokości paczki: cm, Informacje od przewoźnika - długość paczki: 14, Informacje od przewoźnika - jednostka długości paczki: cm, Informacje od przewoźnika - waga paczki: 11910, Informacje od przewoźnika - jednostka wagi paczki: g, Informacje od przewoźnika - szerokość paczki: 88, Informacje od przewoźnika - jednostka szerokości paczki: cm, Kod usługi: AD_COURIER_10_15, Usługa: Dopłata do przesyłki o wadze powyżej 10 do 15 kg, Numer nadania: AD0RBGSLG60PS2JGF
15.06.2026 14:55;;;Opłata dodatkowa za dostawę DPD Allegro Delivery;;-1,99;-1,99;Przewoźnik: ALLEGRO, Wartość zadeklarowana: 280, Waluta wartości zadeklarowanej: PLN, Zamówienie Smart!: Tak, Identyfikator zamówienia: b42f7790-4478-11f1-97b6-17460c0df5bd, Informacje od przewoźnika - wysokość paczki: 56, Informacje od przewoźnika - jednostka wysokości paczki: cm, Informacje od przewoźnika - długość paczki: 21, Informacje od przewoźnika - jednostka długości paczki: cm, Informacje od przewoźnika - waga paczki: 18820, Informacje od przewoźnika - jednostka wagi paczki: g, Informacje od przewoźnika - szerokość paczki: 96, Informacje od przewoźnika - jednostka szerokości paczki: cm, Kod usługi: AD_COURIER_15_20, Usługa: Dopłata do przesyłki o wadze powyżej 15 do 20 kg, Numer nadania: AD08M7QJW294N9JCD
15.06.2026 11:42;;;Pobranie opłat z wpływów;80,93;;0,00;Identyfikator operacji: 369540b6-207b-4630-ab4e-b3b45cdead6b
15.06.2026 11:36;ŁAWKA OGRODOWA Z DEKORACYJNYM OPARCIEM 120X50 CM CZARNA PARKOWA METALOWA;18445659291;Prowizja od sprzedaży;;-57,86;-80,93;Identyfikator zamówienia: 6b1071b1-689d-11f1-92d4-a1f19a0c7034
15.06.2026 11:18;Basen Ogrodowy Stelażowy Duży Prostokątny 2,6x1,6 M Intex 28271;18445684717;Opłata za monety;;-1,23;-23,07;Identyfikator zamówienia: 9ebee942-689a-11f1-a3b1-4316fada8457
15.06.2026 11:17;Basen Ogrodowy Stelażowy Duży Prostokątny 2,6x1,6 M Intex 28271;18445684717;Prowizja od sprzedaży;;-21,84;-21,84;Identyfikator zamówienia: 9ebee942-689a-11f1-a3b1-4316fada8457
15.06.2026 10:42;;;Pobranie opłat z wpływów;52,84;;0,00;Identyfikator operacji: e5ad717c-616e-4a6c-8ca8-83ff3921c55d
15.06.2026 10:22;;;Opłata za dostawę DPD Allegro Delivery;;-8,99;-52,84;Opłata Smart!: Tak, Zamówienie Smart!: Tak, Identyfikator zamówienia: 3812c210-65b7-11f1-8261-a3beeaef03d9, Wartość zamówienia: 489.35, Waluta zamówienia: PLN, Kod usługi: AD_COURIER, Usługa: Opłata za dostawę, Numer nadania: AD0VD1RTSBTP1Z3ZH
15.06.2026 10:22;;;Opłata za dostawę DPD Allegro Delivery;;-8,99;-43,85;Opłata Smart!: Tak, Zamówienie Smart!: Tak, Identyfikator zamówienia: 3812c210-65b7-11f1-8261-a3beeaef03d9, Wartość zamówienia: 489.35, Waluta zamówienia: PLN, Kod usługi: AD_COURIER, Usługa: Opłata za dostawę, Numer nadania: AD0V4J47ZNFWM5X7F
15.06.2026 10:22;;;Opłata za dostawę DPD Allegro Delivery;;-11,29;-34,86;Opłata Smart!: Tak, Zamówienie Smart!: Tak, Identyfikator zamówienia: 3812c210-65b7-11f1-8261-a3beeaef03d9, Wartość zamówienia: 489.35, Waluta zamówienia: PLN, Kod usługi: AD_COURIER, Usługa: Opłata za dostawę, Numer nadania: AD0QR2XRQWPR3KV5S
15.06.2026 10:22;;;Opłata za dostawę DPD Allegro Delivery;;-8,99;-23,57;Opłata Smart!: Tak, Zamówienie Smart!: Tak, Identyfikator zamówienia: 3812c210-65b7-11f1-8261-a3beeaef03d9, Wartość zamówienia: 489.35, Waluta zamówienia: PLN, Kod usługi: AD_COURIER, Usługa: Opłata za dostawę, Numer nadania: AD0K0PDKX8LGX4N7H
15.06.2026 10:22;;;Opłata za dostawę DPD Allegro Delivery;;-8,99;-14,58;Opłata Smart!: Tak, Zamówienie Smart!: Tak, Identyfikator zamówienia: 3812c210-65b7-11f1-8261-a3beeaef03d9, Wartość zamówienia: 489.35, Waluta zamówienia: PLN, Kod usługi: AD_COURIER, Usługa: Opłata za dostawę, Numer nadania: AD0MC2HHL57X8XHZZ
15.06.2026 09:47;;;Opłata za dostawę DPD Allegro Delivery;;-5,59;-5,59;Opłata Smart!: Tak, Zamówienie Smart!: Tak, Identyfikator zamówienia: 8f849680-663f-11f1-8c47-7bda151e13f5, Wartość zamówienia: 85.35, Waluta zamówienia: PLN, Kod usługi: AD_COURIER, Usługa: Opłata za dostawę, Numer nadania: AD0PHB6VDRPTRZBLR
15.06.2026 06:42;;;Pobranie opłat z wpływów;46,93;;0,00;Identyfikator operacji: 600e024f-e688-4399-8a52-4051a57c435a
15.06.2026 05:54;;;Opłata za kampanię Ads;;-46,93;-46,93;Opłata za dzień: 12.06.2026
15.06.2026 00:42;;;Pobranie opłat z wpływów;12,60;;0,00;Identyfikator operacji: f43902f9-2c3e-4d79-aca4-a8045b60bda1
14.06.2026 23:59;MATERAC FOTEL DMUCHANY 2w1 PLAŻOWY BASENOWY 180x135 cm Z UCHWYTAMI;18445605453;Prowizja od sprzedaży;;-12,60;-12,60;Identyfikator zamówienia: 29ab1383-683c-11f1-a3b1-4316fada8457
14.06.2026 20:42;;;Pobranie opłat z wpływów;45,51;;0,00;Identyfikator operacji: d3f81c8c-029b-42f4-b6fe-2f4cff78d47f
14.06.2026 19:55;SKŁADANA MARKIZA ROLETA BOCZNA 300X200 CM PARAWAN TARAS OGRÓD ANTRACYT;18445700421;Opłata za monety;;-1,23;-45,51;Identyfikator zamówienia: 0871cc30-681a-11f1-aaa4-e763e1206a1e
14.06.2026 19:54;SKŁADANA MARKIZA ROLETA BOCZNA 300X200 CM PARAWAN TARAS OGRÓD ANTRACYT;18445700421;Prowizja od sprzedaży;;-44,28;-44,28;Identyfikator zamówienia: 0871cc30-681a-11f1-aaa4-e763e1206a1e
14.06.2026 05:42;;;Pobranie opłat z wpływów;23,23;;0,00;Identyfikator operacji: ed7cb1d3-c230-4299-a83c-d315573d4ed2
14.06.2026 05:38;;;Opłata za kampanię Ads;;-45,84;-23,23;Opłata za dzień: 11.06.2026
14.06.2026 04:39;Doładowanie Telefonu Play 5 zł Kod Prepaid Doładowujący Konto Na Kartę;18350967284;Prowizja od sprzedaży;;-0,49;22,61;Identyfikator zamówienia: 326e25e0-679a-11f1-b727-4bfd698bc7d4
14.06.2026 04:31;Doładowanie Telefonu Play 5 zł Kod Prepaid Doładowujący Konto Na Kartę;18350967284;Prowizja od sprzedaży;;-0,49;23,10;Identyfikator zamówienia: 08be6a30-6799-11f1-a3b1-4316fada8457
14.06.2026 03:28;Doładowanie Telefonu Play 5 zł Kod Prepaid Doładowujący Konto Na Kartę;18350967284;Prowizja od sprzedaży;;-0,49;23,59;Identyfikator zamówienia: 46a228e0-6790-11f1-b727-4bfd698bc7d4
14.06.2026 03:04;REGAŁ LOFTOWY 3 PÓŁKI METAL + DREWNO INDUSTRIALNY DO SALONU ŁAZIENKI BIURA;18445660024;Prowizja od sprzedaży;24,08;;24,08;Identyfikator zamówienia: 2c859dc0-6178-11f1-b9ca-7f92d3ec60b8
13.06.2026 23:42;;;Pobranie opłat z wpływów;1,47;;0,00;Identyfikator operacji: 1559614d-fb0d-46af-ab3d-f63b392b6e1c
13.06.2026 23:29;Doładowanie Telefonu Play 5 zł Kod Prepaid Doładowujący Konto Na Kartę;18350967284;Prowizja od sprzedaży;;-1,47;-1,47;Identyfikator zamówienia: e8010340-676e-11f1-bd6c-79418af453d8
13.06.2026 20:42;;;Pobranie opłat z wpływów;1,47;;0,00;Identyfikator operacji: 1a3dcb79-3083-4e2f-9c98-a0bf37ac1ff7
13.06.2026 19:50;Doładowanie Telefonu Play 5 zł Kod Prepaid Doładowujący Konto Na Kartę;18350967284;Prowizja od sprzedaży;;-1,47;-1,47;Identyfikator zamówienia: 4ea1b0a0-6750-11f1-8e8a-b13312e55057
13.06.2026 16:42;;;Pobranie opłat z wpływów;0,49;;0,00;Identyfikator operacji: b45de37f-4e56-41b2-9103-9cedb929ca78
13.06.2026 15:53;Doładowanie Telefonu Play 5 zł Kod Prepaid Doładowujący Konto Na Kartę;18350967284;Prowizja od sprzedaży;;-0,49;-0,49;Identyfikator zamówienia: 2c974130-672f-11f1-b727-4bfd698bc7d4
13.06.2026 15:42;;;Pobranie opłat z wpływów;0,49;;0,00;Identyfikator operacji: 0bad9d54-9d8a-42f8-a133-89beb34dc63f
13.06.2026 14:49;;;Pobranie opłat z wpływów;0,49;;-0,49;Identyfikator operacji: 39a2fe4b-e3ea-47c8-89b8-b77577d170d4
13.06.2026 14:44;Doładowanie Telefonu Play 5 zł Kod Prepaid Doładowujący Konto Na Kartę;18350967284;Prowizja od sprzedaży;;-0,49;-0,98;Identyfikator zamówienia: 7e58b670-6725-11f1-93ac-bdcc0027c318
13.06.2026 14:06;Doładowanie Telefonu Play 5 zł Kod Prepaid Doładowujący Konto Na Kartę;18350967284;Prowizja od sprzedaży;;-0,49;-0,49;Identyfikator zamówienia: 091d3700-6720-11f1-bdd6-3bad1ca0651d
13.06.2026 10:41;;;Pobranie opłat z wpływów;0,98;;0,00;Identyfikator operacji: f8a82914-024a-4df3-9109-1efd52bbd6d6
13.06.2026 10:20;Doładowanie Telefonu Play 5 zł Kod Prepaid Doładowujący Konto Na Kartę;18350967284;Prowizja od sprzedaży;;-0,49;-0,98;Identyfikator zamówienia: a7d633d0-6700-11f1-b2ad-136af734bd59
13.06.2026 09:46;Doładowanie Telefonu Play 5 zł Kod Prepaid Doładowujący Konto Na Kartę;18350967284;Prowizja od sprzedaży;;-0,49;-0,49;Identyfikator zamówienia: c7348b50-66fb-11f1-aaa4-e763e1206a1e
13.06.2026 09:41;;;Pobranie opłat z wpływów;0,49;;0,00;Identyfikator operacji: 797c90fb-465a-484e-8ccd-4f475919dc00
13.06.2026 08:56;Doładowanie Telefonu Play 5 zł Kod Prepaid Doładowujący Konto Na Kartę;18350967284;Prowizja od sprzedaży;;-0,49;-0,49;Identyfikator zamówienia: c846e9e0-66f4-11f1-83ca-ad6cc7960540
13.06.2026 06:41;;;Pobranie opłat z wpływów;52,59;;0,00;Identyfikator operacji: 70bdcdd5-d66f-4e36-ad3b-e45b27caa380
13.06.2026 05:44;;;Opłata za kampanię Ads;;-52,59;-52,59;Opłata za dzień: 10.06.2026
12.06.2026 23:41;;;Pobranie opłat z wpływów;0,98;;0,00;Identyfikator operacji: e2b552c4-532f-4872-8856-db3ce4f364c8
12.06.2026 23:17;Doładowanie Telefonu Play 5 zł Kod Prepaid Doładowujący Konto Na Kartę;18350967284;Prowizja od sprzedaży;;-0,98;-0,98;Identyfikator zamówienia: 07f9d800-66a4-11f1-9a0f-cb289c5f7a5e
12.06.2026 21:41;;;Pobranie opłat z wpływów;0,49;;0,00;Identyfikator operacji: 1079e5e4-f3e0-4253-b588-dc4783881d00
12.06.2026 20:56;Doładowanie Telefonu Play 5 zł Kod Prepaid Doładowujący Konto Na Kartę;18350967284;Prowizja od sprzedaży;;-0,49;-0,49;Identyfikator zamówienia: 5a784030-6690-11f1-b2ad-136af734bd59
12.06.2026 17:41;;;Pobranie opłat z wpływów;5,59;;0,00;Identyfikator operacji: 1803d675-bff3-4255-accc-c3175ba9cb5f
12.06.2026 17:00;;;Opłata za dostawę DPD Allegro Delivery;;-5,59;-5,59;Opłata Smart!: Tak, Zamówienie Smart!: Tak, Identyfikator zamówienia: ed1ed350-6577-11f1-bebf-fd25b6675b6c, Wartość zamówienia: 85.35, Waluta zamówienia: PLN, Kod usługi: AD_COURIER, Usługa: Opłata za dostawę, Numer nadania: AD0VNKZ3XV8NKB7WL
12.06.2026 16:41;;;Pobranie opłat z wpływów;26,28;;0,00;Identyfikator operacji: 0227d2b6-73ee-4c26-926b-e541b1427729
12.06.2026 16:28;;;Opłata za dostawę DPD Allegro Delivery;;-11,29;-26,28;Opłata Smart!: Tak, Zamówienie Smart!: Tak, Identyfikator zamówienia: 41eceb60-64b5-11f1-8261-a3beeaef03d9, Wartość zamówienia: 183.75, Waluta zamówienia: PLN, Kod usługi: AD_COURIER, Usługa: Opłata za dostawę, Numer nadania: AD0T4WXTRT6C7FBQC
12.06.2026 15:48;;;Opłata za dostawę DPD Allegro Delivery;;-14,99;-14,99;Opłata Smart!: Nie, Zamówienie Smart!: Nie, Identyfikator zamówienia: 9b7f96c1-63fa-11f1-93ac-bdcc0027c318, Wartość zamówienia: 339.90, Waluta zamówienia: PLN, Kod usługi: AD_COURIER, Usługa: Opłata za dostawę, Numer nadania: AD05L1ZPJQFJBCQ6T
12.06.2026 15:42;;;Pobranie opłat z wpływów;0,49;;0,00;Identyfikator operacji: c76dd1b9-4200-4c46-8b4c-6862a1b6512c
12.06.2026 15:28;Doładowanie Telefonu Play 5 zł Kod Prepaid Doładowujący Konto Na Kartę;18350967284;Prowizja od sprzedaży;;-0,49;-0,49;Identyfikator zamówienia: 7b0158b0-6662-11f1-ab2b-194a15ab8a41
12.06.2026 14:42;;;Pobranie opłat z wpływów;0,49;;0,00;Identyfikator operacji: 104589b5-953c-41ea-8a9b-bfc311c84096
12.06.2026 14:38;Doładowanie Telefonu Play 5 zł Kod Prepaid Doładowujący Konto Na Kartę;18350967284;Prowizja od sprzedaży;;-0,49;-0,49;Identyfikator zamówienia: 8c004100-665b-11f1-b30c-1be94d468a12
12.06.2026 11:41;;;Pobranie opłat z wpływów;9,94;;0,00;Identyfikator operacji: f09e9f26-1e91-4b7a-b9f4-d63de3a8b09c
12.06.2026 11:31;Doładowanie Telefonu Play 5 zł Kod Prepaid Doładowujący Konto Na Kartę;18350967284;Prowizja od sprzedaży;;-0,49;-9,94;Identyfikator zamówienia: 68268ba0-6641-11f1-b2ad-136af734bd59
12.06.2026 11:18;PODSTAWA OBCIĄŻENIE STOJAK POD PARASOL OGRODOWY NAPEŁNIANE WODĄ 22 L;18445690830;Prowizja od sprzedaży;;-9,45;-9,45;Identyfikator zamówienia: 8f849680-663f-11f1-8c47-7bda151e13f5
12.06.2026 09:41;;;Pobranie opłat z wpływów;0,98;;0,00;Identyfikator operacji: 6f9d38d9-9bfc-4e97-be76-d1b1a494bc77
12.06.2026 09:27;Doładowanie Telefonu Play 5 zł Kod Prepaid Doładowujący Konto Na Kartę;18350967284;Prowizja od sprzedaży;;-0,98;-0,98;Identyfikator zamówienia: 1f329cb0-6630-11f1-b9ca-7f92d3ec60b8
12.06.2026 08:41;;;Pobranie opłat z wpływów;0,49;;0,00;Identyfikator operacji: 7d13190c-4506-45b5-b1dc-b15397001ea4
12.06.2026 08:30;Doładowanie Telefonu Play 5 zł Kod Prepaid Doładowujący Konto Na Kartę;18350967284;Prowizja od sprzedaży;;-0,49;-0,49;Identyfikator zamówienia: fe4ef0a0-6627-11f1-aaa4-e763e1206a1e
12.06.2026 06:41;;;Pobranie opłat z wpływów;53,65;;0,00;Identyfikator operacji: b9d1539a-6360-4c79-ad1d-5bcf9ad196f4
12.06.2026 05:45;;;Opłata za kampanię Ads;;-53,65;-53,65;Opłata za dzień: 09.06.2026
11.06.2026 23:41;;;Pobranie opłat z wpływów;1,47;;0,00;Identyfikator operacji: 5fb36812-c74f-4e22-9192-f43cd05fc6be
11.06.2026 23:39;Doładowanie Telefonu Play 5 zł Kod Prepaid Doładowujący Konto Na Kartę;18350967284;Prowizja od sprzedaży;;-0,98;-1,47;Identyfikator zamówienia: e9c8ba20-65dd-11f1-bd6c-79418af453d8
11.06.2026 23:06;Doładowanie Telefonu Play 5 zł Kod Prepaid Doładowujący Konto Na Kartę;18350967284;Prowizja od sprzedaży;;-0,49;-0,49;Identyfikator zamówienia: 41e34cc0-65d9-11f1-bd6c-79418af453d8
11.06.2026 19:42;;;Pobranie opłat z wpływów;54,18;;0,00;Identyfikator operacji: 55a06d38-be00-46cd-ab28-a43e84c08f92
11.06.2026 19:21;REGAŁ LOFTOWY 3 PÓŁKI METAL + DREWNO INDUSTRIALNY DO SALONU ŁAZIENKI BIURA;18445660024;Prowizja od sprzedaży;;-48,16;-54,18;Identyfikator zamówienia: 3812c210-65b7-11f1-8261-a3beeaef03d9
11.06.2026 19:21;REGAŁ LOFTOWY 3 PÓŁKI METAL + DREWNO INDUSTRIALNY DO SALONU ŁAZIENKI BIURA;18445660024;Prowizja od sprzedaży;;-6,02;-6,02;Identyfikator zamówienia: 3812c210-65b7-11f1-8261-a3beeaef03d9
11.06.2026 18:42;;;Pobranie opłat z wpływów;0,98;;0,00;Identyfikator operacji: c4a526e4-a205-4a3a-92d3-53eaff1e3e67
11.06.2026 17:56;Doładowanie Telefonu Play 5 zł Kod Prepaid Doładowujący Konto Na Kartę;18350967284;Prowizja od sprzedaży;;-0,49;-0,98;Identyfikator zamówienia: f6d35a70-65ad-11f1-bebf-fd25b6675b6c
11.06.2026 17:48;Doładowanie Telefonu Play 5 zł Kod Prepaid Doładowujący Konto Na Kartę;18350967284;Prowizja od sprzedaży;;-0,49;-0,49;Identyfikator zamówienia: d79766c0-65ac-11f1-bebf-fd25b6675b6c
11.06.2026 17:47;;;Pobranie opłat z wpływów;0,49;;0,00;Identyfikator operacji: efdbe981-eb87-4e7c-a652-8fde8d701d68
11.06.2026 16:56;;;Pobranie opłat z wpływów;14,99;;-0,49;Identyfikator operacji: a85d0f27-50cd-480d-9ddf-2aaa27710199
11.06.2026 16:41;Doładowanie Telefonu Play 5 zł Kod Prepaid Doładowujący Konto Na Kartę;18350967284;Prowizja od sprzedaży;;-0,49;-15,48;Identyfikator zamówienia: 9d7485d0-65a3-11f1-93ac-bdcc0027c318
11.06.2026 16:17;;;Opłata za dostawę DPD Allegro Delivery;;-14,99;-14,99;Opłata Smart!: Nie, Zamówienie Smart!: Nie, Identyfikator zamówienia: 9b7f96c1-63fa-11f1-93ac-bdcc0027c318, Wartość zamówienia: 339.90, Waluta zamówienia: PLN, Kod usługi: AD_COURIER, Usługa: Opłata za dostawę, Numer nadania: AD0C4T24RBTF6JD5X
11.06.2026 14:42;;;Pobranie opłat z wpływów;14,99;;0,00;Identyfikator operacji: 9ddc4d3e-9f75-4434-9695-c43b3590024b
11.06.2026 13:49;;;Opłata za dostawę DPD Allegro Delivery;;-14,99;-14,99;Opłata Smart!: Nie, Zamówienie Smart!: Nie, Identyfikator zamówienia: 39b5f712-63d0-11f1-b929-f1a7a9b1c991, Wartość zamówienia: 108.75, Waluta zamówienia: PLN, Kod usługi: AD_COURIER, Usługa: Opłata za dostawę, Numer nadania: AD0PV9MF99F6L0T45
11.06.2026 11:41;;;Pobranie opłat z wpływów;9,45;;0,00;Identyfikator operacji: c0670940-5b8f-4874-8776-9254827e9d62
11.06.2026 11:29;PODSTAWA OBCIĄŻENIE STOJAK POD PARASOL OGRODOWY NAPEŁNIANE WODĄ 22 L;18445690830;Prowizja od sprzedaży;;-9,45;-9,45;Identyfikator zamówienia: ed1ed350-6577-11f1-bebf-fd25b6675b6c
11.06.2026 10:41;;;Pobranie opłat z wpływów;4,67;;0,00;Identyfikator operacji: 8f980119-8fae-4b1b-a44a-e228a9d0d62f
11.06.2026 09:55;;;Opłata za dostawę ORLEN Paczka Allegro Delivery;;-3,69;-4,67;Opłata Smart!: Tak, Zamówienie Smart!: Tak, Identyfikator zamówienia: 06c2f930-6113-11f1-8e8a-b13312e55057, Wartość zamówienia: 78.50, Waluta zamówienia: PLN, Kod usługi: AD_OOH, Usługa: Opłata za dostawę, Numer nadania: AD02JJOLH8
11.06.2026 09:54;Doładowanie Telefonu Play 5 zł Kod Prepaid Doładowujący Konto Na Kartę;18350967284;Prowizja od sprzedaży;;-0,49;-0,98;Identyfikator zamówienia: a7262630-656a-11f1-8e8a-b13312e55057
11.06.2026 09:44;Doładowanie Telefonu Play 5 zł Kod Prepaid Doładowujący Konto Na Kartę;18350967284;Prowizja od sprzedaży;;-0,49;-0,49;Identyfikator zamówienia: 906701f0-6568-11f1-a7f6-0167a93d34a6
11.06.2026 08:41;;;Pobranie opłat z wpływów;11,29;;0,00;Identyfikator operacji: 96801f06-ad00-4d56-8a01-f342c1712e22
11.06.2026 08:11;;;Opłata za dostawę DPD Allegro Delivery;;-11,29;-11,29;Opłata Smart!: Tak, Zamówienie Smart!: Tak, Identyfikator zamówienia: da107d10-60ca-11f1-8e8a-b13312e55057, Wartość zamówienia: 241.40, Waluta zamówienia: PLN, Kod usługi: AD_COURIER, Usługa: Opłata za dostawę, Numer nadania: AD0PRW0QQK40DNCK4
11.06.2026 05:41;;;Pobranie opłat z wpływów;59,48;;0,00;Identyfikator operacji: c3b9d050-015f-4bd9-be51-cd191f63e4df
11.06.2026 05:17;;;Opłata za kampanię Ads;;-59,48;-59,48;Opłata za dzień: 08.06.2026
10.06.2026 19:41;;;Pobranie opłat z wpływów;0,49;;0,00;Identyfikator operacji: af175ab9-2c9c-4e30-b832-448133d7025c
10.06.2026 19:27;Doładowanie Telefonu Play 5 zł Kod Prepaid Doładowujący Konto Na Kartę;18350967284;Prowizja od sprzedaży;;-0,49;-0,49;Identyfikator zamówienia: a77080a0-64f1-11f1-9c59-0d1dedc4969b
10.06.2026 12:41;;;Pobranie opłat z wpływów;26,01;;0,00;Identyfikator operacji: fd4da2b7-6f69-4fa8-a0db-559569d45b2a
10.06.2026 12:15;HULAJNOGA MIEJSKA SKŁADANA DLA DZIECI MŁODZIEŻY KOŁA 200 mm SKŁADANA 91-10;18445641600;Prowizja od sprzedaży;;-26,01;-26,01;Identyfikator zamówienia: 41eceb60-64b5-11f1-8261-a3beeaef03d9
10.06.2026 06:41;;;Pobranie opłat z wpływów;55,67;;0,00;Identyfikator operacji: 4b393ea9-9382-4ecc-8003-b4938b006a15
10.06.2026 05:44;;;Opłata za kampanię Ads;;-55,67;-55,67;Opłata za dzień: 07.06.2026
09.06.2026 22:41;;;Pobranie opłat z wpływów;5,59;;0,00;Identyfikator operacji: 1257b992-d8d8-4a52-a7f4-b5e9a45e73b2
09.06.2026 21:58;;;Opłata za dostawę DPD Allegro Delivery;;-5,59;-5,59;Opłata Smart!: Tak, Zamówienie Smart!: Tak, Identyfikator zamówienia: 7ff53720-623d-11f1-a3b1-4316fada8457, Wartość zamówienia: 85.35, Waluta zamówienia: PLN, Kod usługi: AD_COURIER, Usługa: Opłata za dostawę, Numer nadania: AD0BR41FBNL08ZSW7
09.06.2026 15:53;;;Pobranie opłat z wpływów;5,59;;0,00;Identyfikator operacji: dec753c5-665e-4797-80dc-52bd3815f91e
09.06.2026 15:17;;;Opłata za dostawę DPD Allegro Delivery;;-5,59;-5,59;Opłata Smart!: Tak, Zamówienie Smart!: Tak, Identyfikator zamówienia: 65e2d230-61d8-11f1-a42a-ed5f40aaa868, Wartość zamówienia: 85.35, Waluta zamówienia: PLN, Kod usługi: AD_COURIER, Usługa: Opłata za dostawę, Numer nadania: AD030WXX59GSS0153
09.06.2026 14:44;;;Pobranie opłat z wpływów;39,29;;0,00;Identyfikator operacji: c722b51e-2d21-4769-a54c-299c4ad8bae2
09.06.2026 14:01;KRZESŁA OGRODOWE 2 SZT STALOWE HDPE TARAS BALKON OGRÓD NOWOCZESNE MOCNE;18445652838;Prowizja od sprzedaży;;-39,29;-39,29;Identyfikator zamówienia: 9b7f96c1-63fa-11f1-93ac-bdcc0027c318
09.06.2026 12:41;;;Pobranie opłat z wpływów;37,07;;0,00;Identyfikator operacji: a7246325-9be2-434b-aa93-02aaae60219c
09.06.2026 12:32;ŁAWKA OGRODOWA Z OPARCIEM METALOWA PARKOWA TARAS BALKON CZARNA 125 CM;18445676707;Opłata za monety;;-1,23;-37,07;Identyfikator zamówienia: 2040cd02-63ee-11f1-b6d0-6f99a39fc417
09.06.2026 12:30;ŁAWKA OGRODOWA Z OPARCIEM METALOWA PARKOWA TARAS BALKON CZARNA 125 CM;18445676707;Prowizja od sprzedaży;;-35,84;-35,84;Identyfikator zamówienia: 2040cd02-63ee-11f1-b6d0-6f99a39fc417
09.06.2026 10:41;;;Pobranie opłat z wpływów;25,87;;0,00;Identyfikator operacji: 984d9b28-34b5-42a7-b526-702175ac562c
09.06.2026 10:38;;;Opłata za dostawę DPD Allegro Delivery;;-5,59;-25,87;Opłata Smart!: Tak, Zamówienie Smart!: Tak, Identyfikator zamówienia: 8a96f280-6275-11f1-8ac4-a568d09ceb39, Wartość zamówienia: 85.35, Waluta zamówienia: PLN, Kod usługi: AD_COURIER, Usługa: Opłata za dostawę, Numer nadania: AD0XZ81TRZ5H9TQMW
09.06.2026 10:23;;;Opłata za dostawę DPD Allegro Delivery;;-11,29;-20,28;Opłata Smart!: Tak, Zamówienie Smart!: Tak, Identyfikator zamówienia: 6796ffa0-60cc-11f1-bdd6-3bad1ca0651d, Wartość zamówienia: 155.78, Waluta zamówienia: PLN, Kod usługi: AD_COURIER, Usługa: Opłata za dostawę, Numer nadania: AD0Q0G2NP3R8LXF00
09.06.2026 10:22;;;Opłata za dostawę DPD Allegro Delivery;;-8,99;-8,99;Opłata Smart!: Tak, Zamówienie Smart!: Tak, Identyfikator zamówienia: 6796ffa0-60cc-11f1-bdd6-3bad1ca0651d, Wartość zamówienia: 155.78, Waluta zamówienia: PLN, Kod usługi: AD_COURIER, Usługa: Opłata za dostawę, Numer nadania: AD0TPNZP61V7MCXB8
09.06.2026 09:41;;;Pobranie opłat z wpływów;13,70;;0,00;Identyfikator operacji: 2d3fdc44-44b4-44b5-b5db-789750fc33ae
09.06.2026 08:59;REGAŁ LOFTOWY 3 PÓŁKI METAL + DREWNO INDUSTRIALNY DO SALONU ŁAZIENKI BIURA;18445660024;Prowizja od sprzedaży;;-13,70;-13,70;Identyfikator zamówienia: 39b5f712-63d0-11f1-b929-f1a7a9b1c991
09.06.2026 06:41;;;Pobranie opłat z wpływów;53,81;;0,00;Identyfikator operacji: 96938f6d-e1bc-4e12-8879-1d9e3c2efa60
09.06.2026 05:45;;;Opłata za kampanię Ads;;-53,81;-53,81;Opłata za dzień: 06.06.2026
08.06.2026 20:41;;;Pobranie opłat z wpływów;5,59;;0,00;Identyfikator operacji: 4e0be449-a7fa-43a9-93bb-0df026b95cbf
08.06.2026 19:47;;;Opłata za dostawę DPD Allegro Delivery;;-5,59;-5,59;Opłata Smart!: Tak, Zamówienie Smart!: Tak, Identyfikator zamówienia: 7160b190-5ff3-11f1-b09e-572fb364178c, Wartość zamówienia: 77.89, Waluta zamówienia: PLN, Kod usługi: AD_COURIER, Usługa: Opłata za dostawę, Numer nadania: AD0WDH3W2M94555X9
08.06.2026 13:41;;;Pobranie opłat z wpływów;5,59;;0,00;Identyfikator operacji: 6d82ee86-40cc-4910-a44a-87ae53fb8225
08.06.2026 12:54;;;Opłata za dostawę DHL Allegro Delivery;;-5,59;-5,59;Opłata Smart!: Tak, Zamówienie Smart!: Tak, Identyfikator zamówienia: 1ba9fac2-6054-11f1-ab2b-194a15ab8a41, Wartość zamówienia: 68.92, Waluta zamówienia: PLN, Kod usługi: AD_COURIER, Usługa: Opłata za dostawę, Numer nadania: AD02J6KLA0
08.06.2026 06:41;;;Pobranie opłat z wpływów;54,15;;0,00;Identyfikator operacji: ac308122-4e49-49b2-93a6-6c65767738d6
08.06.2026 05:46;;;Opłata za kampanię Ads;;-54,15;-54,15;Opłata za dzień: 05.06.2026
07.06.2026 15:40;;;Pobranie opłat z wpływów;9,45;;0,00;Identyfikator operacji: 4a10965b-e929-45fb-9f17-2660bf4f5089
07.06.2026 15:34;PODSTAWA OBCIĄŻENIE STOJAK POD PARASOL OGRODOWY NAPEŁNIANE WODĄ 22 L;18445690830;Prowizja od sprzedaży;;-9,45;-9,45;Identyfikator zamówienia: 8a96f280-6275-11f1-8ac4-a568d09ceb39
07.06.2026 09:40;;;Pobranie opłat z wpływów;9,45;;0,00;Identyfikator operacji: e8b9203e-3428-4d6b-83ce-b0c5c237de2b
07.06.2026 08:53;PODSTAWA OBCIĄŻENIE STOJAK POD PARASOL OGRODOWY NAPEŁNIANE WODĄ 22 L;18445690830;Prowizja od sprzedaży;;-9,45;-9,45;Identyfikator zamówienia: 7ff53720-623d-11f1-a3b1-4316fada8457
07.06.2026 05:40;;;Pobranie opłat z wpływów;58,39;;0,00;Identyfikator operacji: b438ad99-03a7-491a-8476-bc4492a3db3e
07.06.2026 05:38;;;Opłata za kampanię Ads;;-58,39;-58,39;Opłata za dzień: 04.06.2026
06.06.2026 21:40;;;Pobranie opłat z wpływów;9,45;;0,00;Identyfikator operacji: e77570d2-e256-4f76-b5c8-44461d2a7496
06.06.2026 20:49;PODSTAWA OBCIĄŻENIE STOJAK POD PARASOL OGRODOWY NAPEŁNIANE WODĄ 22 L;18445690830;Prowizja od sprzedaży;;-9,45;-9,45;Identyfikator zamówienia: 65e2d230-61d8-11f1-a42a-ed5f40aaa868
06.06.2026 09:40;;;Pobranie opłat z wpływów;24,08;;0,00;Identyfikator operacji: d6aca5fa-e892-4f26-aa09-28afdbf0194e
06.06.2026 09:20;REGAŁ LOFTOWY 3 PÓŁKI METAL + DREWNO INDUSTRIALNY DO SALONU ŁAZIENKI BIURA;18445660024;Prowizja od sprzedaży;;-24,08;-24,08;Identyfikator zamówienia: 2c859dc0-6178-11f1-b9ca-7f92d3ec60b8
06.06.2026 07:40;;;Pobranie opłat z wpływów;0,49;;0,00;Identyfikator operacji: 4a64b2d8-51e8-40e6-8f59-fbc83814d4af
06.06.2026 07:08;Doładowanie Telefonu Play 5 zł Kod Prepaid Doładowujący Konto Na Kartę;18350967284;Prowizja od sprzedaży;;-0,49;-0,49;Identyfikator zamówienia: a591c120-6165-11f1-8c47-7bda151e13f5
06.06.2026 06:40;;;Pobranie opłat z wpływów;53,13;;0,00;Identyfikator operacji: 2e3a7959-c397-425d-a7a0-75cea4997ac2
06.06.2026 05:46;;;Opłata za kampanię Ads;;-53,13;-53,13;Opłata za dzień: 03.06.2026
05.06.2026 21:40;;;Pobranie opłat z wpływów;8,69;;0,00;Identyfikator operacji: 1fdabca4-373c-46cd-a36c-5540fe7e19d7
05.06.2026 21:16;NAMIOT DOMEK STRAŻAKA DLA DZIECI NAMIOCIK DO DOMU OGRODU REMIZA;18445605783;Prowizja od sprzedaży;;-8,69;-8,69;Identyfikator zamówienia: 06c2f930-6113-11f1-8e8a-b13312e55057
05.06.2026 13:40;;;Pobranie opłat z wpływów;43,99;;0,00;Identyfikator operacji: ca4ae0dd-9d77-425a-a86a-a8692ec6dc40
05.06.2026 12:51;PODSTAWA OBCIĄŻENIE STOJAK POD PARASOL OGRODOWY NAPEŁNIANE WODĄ 22 L;18445690830;Prowizja od sprzedaży;;-17,26;-43,99;Identyfikator zamówienia: 6796ffa0-60cc-11f1-bdd6-3bad1ca0651d
05.06.2026 12:42;ŁAWKA OGRODOWA Z DEKORACYJNYM OPARCIEM 120X50 CM CZARNA PARKOWA METALOWA;18445659291;Prowizja od sprzedaży;;-26,73;-26,73;Identyfikator zamówienia: da107d10-60ca-11f1-8e8a-b13312e55057
05.06.2026 06:40;;;Pobranie opłat z wpływów;58,46;;0,00;Identyfikator operacji: 11db3f0d-5eaf-46be-a1d0-78ef705fe6c3
05.06.2026 05:44;;;Opłata za kampanię Ads;;-58,46;-58,46;Opłata za dzień: 02.06.2026
04.06.2026 22:40;;;Pobranie opłat z wpływów;7,63;;0,00;Identyfikator operacji: 6d0e8267-1289-47f0-bf6a-cb216827ef37
04.06.2026 22:32;MATERAC DMUCHANY FLAMING LEŻANKA DO PŁYWANIA XXL NA BASEN PLAŻĘ;18445606385;Prowizja od sprzedaży;;-7,63;-7,63;Identyfikator zamówienia: 1ba9fac2-6054-11f1-ab2b-194a15ab8a41
04.06.2026 13:40;;;Pobranie opłat z wpływów;7,99;;0,00;Identyfikator operacji: 954ebfe2-0582-46c3-a92d-e90f88459eec
04.06.2026 13:15;;;Opłata za dostawę ORLEN Paczka Allegro Delivery;;-7,99;-7,99;Opłata Smart!: Tak, Zamówienie Smart!: Tak, Identyfikator zamówienia: 20823a60-5d6d-11f1-aab2-f11a03d4fc26, Wartość zamówienia: 231.48, Waluta zamówienia: PLN, Kod usługi: AD_OOH, Usługa: Opłata za dostawę, Numer nadania: AD02IHDD69
04.06.2026 11:40;;;Pobranie opłat z wpływów;8,63;;0,00;Identyfikator operacji: 73cd5003-b3dc-4c2c-829c-19c73808c0d5
04.06.2026 10:58;PODSTAWA OBCIĄŻENIE STOJAK POD PARASOL OGRODOWY NAPEŁNIANE WODĄ 22 L;18445690830;Prowizja od sprzedaży;;-8,63;-8,63;Identyfikator zamówienia: 7160b190-5ff3-11f1-b09e-572fb364178c
04.06.2026 06:40;;;Pobranie opłat z wpływów;58,90;;0,00;Identyfikator operacji: 7efdcc7f-3f04-4340-9f2b-0403bf27f564
04.06.2026 05:50;;;Opłata za kampanię Ads;;-58,90;-58,90;Opłata za dzień: 01.06.2026
03.06.2026 22:40;;;Pobranie opłat z wpływów;38,83;;0,00;Identyfikator operacji: c6bbb0e9-1b22-447a-9a7d-34ad82bae3df
03.06.2026 21:53;WYSOKIEJ JAKOŚCI TRWAŁY STÓŁ OGRODOWY SZKŁO HARTOWANE OTWÓR NA PARASOL 160;18445702490;Opłata za monety;;-1,23;-38,83;Identyfikator zamówienia: b425eef1-5f85-11f1-a3b4-27708eea4f6f
03.06.2026 21:53;WYSOKIEJ JAKOŚCI TRWAŁY STÓŁ OGRODOWY SZKŁO HARTOWANE OTWÓR NA PARASOL 160;18445702490;Prowizja od sprzedaży;;-37,60;-37,60;Identyfikator zamówienia: b425eef1-5f85-11f1-a3b4-27708eea4f6f
03.06.2026 20:40;;;Pobranie opłat z wpływów;5,19;;0,00;Identyfikator operacji: eed116b7-3a34-41ab-a0b3-8bfd80c38d2b
03.06.2026 19:54;;;Opłata za dostawę InPost;;-5,19;-5,19;Opłata Smart!: Tak, Zamówienie Smart!: Tak, Identyfikator zamówienia: 48141290-5d83-11f1-8785-23d5b8a0da18, Wartość zamówienia: 71.50, Waluta zamówienia: PLN, Kod usługi: INP_P1_PACZKOMATY, Usługa: Opłata za dostawę, Numer nadania: 604304848621500120295653
03.06.2026 17:41;;;Pobranie opłat z wpływów;11,29;;0,00;Identyfikator operacji: 55ca7b4e-0d4e-4ca6-a6d8-ddcb7f2ac470
03.06.2026 17:27;;;Pobranie opłat z wpływów;11,29;;-11,29;Identyfikator operacji: c450e902-64d6-4ed9-9547-ca96bf40e4fd
03.06.2026 16:39;;;Opłata za dostawę DPD Allegro Delivery;;-11,29;-22,58;Opłata Smart!: Tak, Zamówienie Smart!: Tak, Identyfikator zamówienia: 38b1f930-5bfc-11f1-a2fd-1d9afac34ab5, Wartość zamówienia: 241.40, Waluta zamówienia: PLN, Kod usługi: AD_COURIER, Usługa: Opłata za dostawę, Numer nadania: AD0G1M2QJL844HCM1
03.06.2026 15:45;;;Opłata za dostawę DPD Allegro Delivery;;-11,29;-11,29;Opłata Smart!: Tak, Zamówienie Smart!: Tak, Identyfikator zamówienia: 64a85300-5ccd-11f1-9e8d-198b84b1a946, Wartość zamówienia: 289.76, Waluta zamówienia: PLN, Kod usługi: AD_COURIER, Usługa: Opłata za dostawę, Numer nadania: AD0ZS1N4JWDQWPZLF
03.06.2026 14:41;;;Pobranie opłat z wpływów;28,17;;0,00;Identyfikator operacji: 7f95fea8-6b5a-4310-ae76-ef609453d878
03.06.2026 14:27;;;Opłata za dostawę DPD Allegro Delivery;;-11,29;-28,17;Opłata Smart!: Tak, Zamówienie Smart!: Tak, Identyfikator zamówienia: ada2dda0-5c5a-11f1-918d-ad3dae57dd80, Wartość zamówienia: 151.25, Waluta zamówienia: PLN, Kod usługi: AD_COURIER, Usługa: Opłata za dostawę, Numer nadania: AD0L4C8LWK7HJMQZJ
03.06.2026 13:57;;;Opłata za dostawę DHL Allegro Delivery;;-11,29;-16,88;Opłata Smart!: Tak, Zamówienie Smart!: Tak, Identyfikator zamówienia: ce7c61f0-5d9e-11f1-bd21-9b208c06d19b, Wartość zamówienia: 231.48, Waluta zamówienia: PLN, Kod usługi: AD_COURIER, Usługa: Opłata za dostawę, Numer nadania: AD02IHDRA9
03.06.2026 13:46;;;Opłata za dostawę DPD Allegro Delivery;;-5,59;-5,59;Opłata Smart!: Tak, Zamówienie Smart!: Tak, Identyfikator zamówienia: 9c852fe1-5e68-11f1-9707-798e6b83693e, Wartość zamówienia: 77.89, Waluta zamówienia: PLN, Kod usługi: AD_COURIER, Usługa: Opłata za dostawę, Numer nadania: AD039R5TQBX44CPRB
03.06.2026 13:39;;;Pobranie opłat z wpływów;25,63;;0,00;Identyfikator operacji: 290deb42-102f-4f03-8c70-a49c025abc9d
03.06.2026 12:57;WODNY PLAC ZABAW DLA DZIECI BASEN BRODZIK ZE ZJEŻDŻALNIĄ FONTANNĄ 297x193cm;18445605076;Prowizja od sprzedaży;;-25,63;-25,63;Identyfikator zamówienia: ef961b90-5f3a-11f1-a057-8f1ad7cb1230
03.06.2026 12:39;;;Pobranie opłat z wpływów;20,28;;0,00;Identyfikator operacji: 4f0f73d9-4976-4bf2-ae11-6fead067d71d
03.06.2026 12:12;;;Opłata za dostawę DPD Allegro Delivery;;-8,99;-20,28;Opłata Smart!: Tak, Zamówienie Smart!: Tak, Identyfikator zamówienia: 0ec4ab40-5d9b-11f1-aece-2bf73cb31e77, Wartość zamówienia: 124.57, Waluta zamówienia: PLN, Kod usługi: AD_COURIER, Usługa: Opłata za dostawę, Numer nadania: AD01130RJ6GZ5HN6H
03.06.2026 12:11;;;Opłata za dostawę DPD Allegro Delivery;;-11,29;-11,29;Opłata Smart!: Tak, Zamówienie Smart!: Tak, Identyfikator zamówienia: 186952d0-5c2f-11f1-9285-a9a330b2eaef, Wartość zamówienia: 289.76, Waluta zamówienia: PLN, Kod usługi: AD_COURIER, Usługa: Opłata za dostawę, Numer nadania: AD0CR4MNX86093XNR
03.06.2026 11:39;;;Pobranie opłat z wpływów;17,98;;0,00;Identyfikator operacji: b8bd7801-c3b1-484f-b51f-b599da2f59dd
03.06.2026 11:19;;;Opłata za dostawę DPD Allegro Delivery;;-8,99;-17,98;Opłata Smart!: Tak, Zamówienie Smart!: Tak, Identyfikator zamówienia: f055e010-5b7f-11f1-92a3-2b9dcb7bc581, Wartość zamówienia: 119.49, Waluta zamówienia: PLN, Kod usługi: AD_COURIER, Usługa: Opłata za dostawę, Numer nadania: AD0MWH5ZSXH7DG02H
03.06.2026 11:09;;;Opłata za dostawę DPD Allegro Delivery;;-8,99;-8,99;Opłata Smart!: Tak, Zamówienie Smart!: Tak, Identyfikator zamówienia: 1fa941a0-5e40-11f1-9707-798e6b83693e, Wartość zamówienia: 119.49, Waluta zamówienia: PLN, Kod usługi: AD_COURIER, Usługa: Opłata za dostawę, Numer nadania: AD0Q2H39Z35SVTM72
03.06.2026 10:39;;;Pobranie opłat z wpływów;31,57;;0,00;Identyfikator operacji: 6c13db67-4f7a-4604-85e6-3e959e25b8c1
03.06.2026 10:07;;;Opłata za dostawę DPD Allegro Delivery;;-8,99;-31,57;Opłata Smart!: Tak, Zamówienie Smart!: Tak, Identyfikator zamówienia: e19dda50-5b61-11f1-9351-a34245e34464, Wartość zamówienia: 557.20, Waluta zamówienia: PLN, Kod usługi: AD_COURIER, Usługa: Opłata za dostawę, Numer nadania: AD0DV28BP4NLNFF29
03.06.2026 10:07;;;Opłata za dostawę DPD Allegro Delivery;;-11,29;-22,58;Opłata Smart!: Tak, Zamówienie Smart!: Tak, Identyfikator zamówienia: e19dda50-5b61-11f1-9351-a34245e34464, Wartość zamówienia: 557.20, Waluta zamówienia: PLN, Kod usługi: AD_COURIER, Usługa: Opłata za dostawę, Numer nadania: AD0V0K663F17Q6XC6
03.06.2026 09:50;;;Opłata za dostawę DPD Allegro Delivery;;-11,29;-11,29;Opłata Smart!: Tak, Zamówienie Smart!: Tak, Identyfikator zamówienia: 2c149cb2-5b47-11f1-9242-39f0b6525a82, Wartość zamówienia: 151.25, Waluta zamówienia: PLN, Kod usługi: AD_COURIER, Usługa: Opłata za dostawę, Numer nadania: AD0BS49HZHDS4HWQB
03.06.2026 05:39;;;Pobranie opłat z wpływów;45,49;;0,00;Identyfikator operacji: 6943186d-e602-419a-a4b7-bbd7dac0e91f
03.06.2026 05:34;;;Opłata za kampanię Ads;;-51,00;-45,49;Opłata za dzień: 31.05.2026
02.06.2026 14:42;;;Opłata za dostawę DPD Allegro Delivery;;-5,59;5,51;Opłata Smart!: Tak, Zamówienie Smart!: Tak, Identyfikator zamówienia: 8e7b6f30-5a9f-11f1-954e-3b07f15049d9, Wartość zamówienia: 96.63, Waluta zamówienia: PLN, Kod usługi: AD_COURIER, Usługa: Opłata za dostawę, Numer nadania: AD09XH6RTV1DKJZDS
02.06.2026 14:24;;;Opłata za dostawę DPD Allegro Delivery;;-5,59;11,10;Opłata Smart!: Tak, Zamówienie Smart!: Tak, Identyfikator zamówienia: 235fb1d2-5b3e-11f1-9285-a9a330b2eaef, Wartość zamówienia: 77.89, Waluta zamówienia: PLN, Kod usługi: AD_COURIER, Usługa: Opłata za dostawę, Numer nadania: AD09VX1S0HNSTSNVQ
02.06.2026 14:13;;;Opłata za dostawę DPD Allegro Delivery;;-5,59;16,69;Opłata Smart!: Tak, Zamówienie Smart!: Tak, Identyfikator zamówienia: 27b49b00-5aa4-11f1-849b-63bfd66e1503, Wartość zamówienia: 99.17, Waluta zamówienia: PLN, Kod usługi: AD_COURIER, Usługa: Opłata za dostawę, Numer nadania: AD0CRQ1SQ8VMNV3L4
02.06.2026 13:07;PARASOL OGRODOWY PÓŁ-PARASOL Z KORBKĄ ŚCIENNY NA TARAS SZARY BALKONOWY 2,7m;18445690372;Prowizja od sprzedaży;13,29;;22,28;Identyfikator zamówienia: 45fe0140-4e84-11f1-ad72-3349c40cbf98
02.06.2026 12:56;;;Opłata za dostawę DPD Allegro Delivery;8,99;;8,99;Zamówienie Smart!: Tak, Identyfikator zamówienia: 45fe0140-4e84-11f1-ad72-3349c40cbf98, Wartość zamówienia: 120.02, Waluta zamówienia: PLN, Powód zwrotu: Zwrot opłaty z powodu braku odbioru lub odstąpienia od umowy, Kod usługi: AD_COURIER, Usługa: Opłata za dostawę, Numer nadania: AD0M5SCMS2R489LC2
02.06.2026 12:39;;;Pobranie opłat z wpływów;19,92;;0,00;Identyfikator operacji: 0f673cb5-a473-49d0-b8ed-ce1d590f9f7e
02.06.2026 11:52;PODSTAWA OBCIĄŻENIE STOJAK POD PARASOL OGRODOWY NAPEŁNIANE WODĄ 22 L;18445690830;Prowizja od sprzedaży;;-8,63;-19,92;Identyfikator zamówienia: 9c852fe1-5e68-11f1-9707-798e6b83693e
02.06.2026 11:41;;;Opłata za dostawę DPD Allegro Delivery;;-11,29;-11,29;Opłata Smart!: Tak, Zamówienie Smart!: Tak, Identyfikator zamówienia: 60b98fc3-5b24-11f1-954e-3b07f15049d9, Wartość zamówienia: 289.76, Waluta zamówienia: PLN, Kod usługi: AD_COURIER, Usługa: Opłata za dostawę, Numer nadania: AD085JRNS03HLKHMK
02.06.2026 10:39;;;Pobranie opłat z wpływów;22,58;;0,00;Identyfikator operacji: 800c2586-60cf-4242-a0a7-2c9e03e7917c
02.06.2026 10:36;;;Opłata za dostawę DPD Allegro Delivery;;-11,29;-22,58;Opłata Smart!: Tak, Zamówienie Smart!: Tak, Identyfikator zamówienia: 2d8433b0-5ac2-11f1-84be-497b9712b113, Wartość zamówienia: 315.80, Waluta zamówienia: PLN, Kod usługi: AD_COURIER, Usługa: Opłata za dostawę, Numer nadania: AD0XFRLZ48HR99B0K
02.06.2026 10:05;;;Opłata za dostawę DPD Allegro Delivery;;-11,29;-11,29;Opłata Smart!: Tak, Zamówienie Smart!: Tak, Identyfikator zamówienia: e9dabfc0-5b4e-11f1-aebd-a77ac684682d, Wartość zamówienia: 253.80, Waluta zamówienia: PLN, Kod usługi: AD_COURIER, Usługa: Opłata za dostawę, Numer nadania: AD0PZR9V29TCR64VN
02.06.2026 07:39;;;Pobranie opłat z wpływów;14,70;;0,00;Identyfikator operacji: fa360c87-84d2-4090-bb5b-ce85aef1d130
02.06.2026 07:02;POKRYWA SOLARNA DO BASENU 488 CM MATA TERMICZNA OKRĄGŁA NA BASEN STELAŻOWY;18445667695;Prowizja od sprzedaży;;-14,70;-14,70;Identyfikator zamówienia: 1fa941a0-5e40-11f1-9707-798e6b83693e
02.06.2026 05:39;;;Pobranie opłat z wpływów;42,41;;0,00;Identyfikator operacji: 425d393e-6e3a-4cd3-9b7f-8d9544d0ebf7
02.06.2026 05:33;;;Opłata za kampanię Ads;;-58,25;-42,41;Opłata za dzień: 30.05.2026
02.06.2026 00:24;NAMIOT DOMEK STRAŻAKA DLA DZIECI NAMIOCIK DO DOMU OGRODU REMIZA;18445605783;Prowizja od sprzedaży;7,92;;15,84;Identyfikator zamówienia: 4ba744b0-5d31-11f1-9285-a9a330b2eaef
02.06.2026 00:24;NAMIOT DOMEK STRAŻAKA DLA DZIECI NAMIOCIK DO DOMU OGRODU REMIZA;18445605783;Prowizja od sprzedaży;7,92;;7,92;Identyfikator zamówienia: 1bd79550-5d31-11f1-aece-2bf73cb31e77
01.06.2026 12:39;;;Pobranie opłat z wpływów;25,63;;0,00;Identyfikator operacji: b9d05bff-ade2-45f7-83e6-c3470f8ca756
01.06.2026 11:47;WODNY PLAC ZABAW DLA DZIECI BASEN BRODZIK ZE ZJEŻDŻALNIĄ FONTANNĄ 297x193cm;18445605076;Prowizja od sprzedaży;;-25,63;-25,63;Identyfikator zamówienia: ce7c61f0-5d9e-11f1-bd21-9b208c06d19b
01.06.2026 11:39;;;Pobranie opłat z wpływów;13,79;;0,00;Identyfikator operacji: 27e39f60-afed-4711-a81b-b2a395a9bcbc
01.06.2026 11:20;REGAŁ LOFTOWY 4 PÓŁKI SZAFKA INDUSTRIALNA MDF DO SALONU ŁAZIENKI BIURA;18445660222;Prowizja od sprzedaży;;-13,79;-13,79;Identyfikator zamówienia: 0ec4ab40-5d9b-11f1-aece-2bf73cb31e77
01.06.2026 09:39;;;Pobranie opłat z wpływów;8,99;;0,00;Identyfikator operacji: f4839bc1-3b26-490d-8267-2c1a4d494afc
01.06.2026 09:35;;;Opłata za dostawę DPD Allegro Delivery;;-8,99;-8,99;Opłata Smart!: Tak, Zamówienie Smart!: Tak, Identyfikator zamówienia: 5bc0fff0-5a73-11f1-b08f-21d9f73c25da, Wartość zamówienia: 119.49, Waluta zamówienia: PLN, Kod usługi: AD_COURIER, Usługa: Opłata za dostawę, Numer nadania: AD08WBVJ7LS403N72
01.06.2026 08:39;;;Pobranie opłat z wpływów;7,92;;0,00;Identyfikator operacji: 3b382ec7-9213-4e82-8b3b-a3cc8a0813fb
01.06.2026 08:30;NAMIOT DOMEK STRAŻAKA DLA DZIECI NAMIOCIK DO DOMU OGRODU REMIZA;18445605783;Prowizja od sprzedaży;;-7,92;-7,92;Identyfikator zamówienia: 48141290-5d83-11f1-8785-23d5b8a0da18
01.06.2026 06:39;;;Pobranie opłat z wpływów;87,75;;0,00;Identyfikator operacji: 114acbc8-cd67-4f74-84ab-4e7a761a72ef
01.06.2026 05:51;WODNY PLAC ZABAW DLA DZIECI BASEN BRODZIK ZE ZJEŻDŻALNIĄ FONTANNĄ 297x193cm;18445605076;Prowizja od sprzedaży;;-25,63;-87,75;Identyfikator zamówienia: 20823a60-5d6d-11f1-aab2-f11a03d4fc26
01.06.2026 05:45;;;Opłata za kampanię Ads;;-62,12;-62,12;Opłata za dzień: 29.05.2026
